<channel_log_entry timestamp="2025-07-15 08:41:15.831">
    <Request>
        <Log>N</Log>
        <ID>
            <version>1.0</version>
            <AppID>NBP</AppID>
            <AppName>SysTest_CAS_ROI_Current</AppName>
            <UsrID>5324654654</UsrID>
            <UnqID>88140</UnqID>
        </ID>
        <regionCode>ROI</regionCode>
        <sourceNSC>931012</sourceNSC>
        <staffNumber>88140</staffNumber>
        <deviceId></deviceId>
        <Transaction>SecuritiesService001</Transaction>
        <TransactionVersion>1</TransactionVersion>
        <SecuritiesService001>
            <servType500>RS</servType500>
            <source500>NAPS</source500>
            <ITEM_NUMBER index="1">39364533</ITEM_NUMBER>
        </SecuritiesService001>
    </Request>
    <Response>
        <SecuritiesService>001</SecuritiesService>
        <source500>NAPS</source500>
        <servType500>RS</servType500>
        <SecuritiesService001>
            <errorNode>
                <errorCode>1</errorCode>
                <errorMsg></errorMsg>
                <errorSev/>
                <errorSource>Securities</errorSource>
            </errorNode>
            <Fields>
                <Field name="A0ITEM_NUMBER">
                    <Value>39364533</Value>
                </Field>
                <Field name="A0VL_REGISTERED_OWNER">
                    <Value></Value>
                </Field>
                <Field name="A0CURRENT_STATUS">
                    <Value>OTLA</Value>
                </Field>
                <Field name="A0SECURITY_TYPE">
                    <Value>PROPERTY</Value>
                </Field>
                <Field name="A0HOLDING_NSC">
                    <Value></Value>
                </Field>
                <Field name="A0SECURITY_LOCATION">
                    <Value></Value>
                </Field>
                <Field name="A0STAMPED_TYPE">
                    <Value></Value>
                </Field>
                <Field name="A0STAMPING_REQUIRED">
                    <Value></Value>
                </Field>
                <Field name="A0STAMPING_REQUIRED_DATE">
                    <Value>0</Value>
                </Field>
                <Field name="A0STAMPED_AMOUNT">
                    <Value>0</Value>
                </Field>
                <Field name="A0STAMPING_CURRENCY">
                    <Value></Value>
                </Field>
                <Field name="A0STAMPED_DATE">
                    <Value>0</Value>
                </Field>
                <Field name="A0ADDITIONAL_STAMPING_REQUIRED">
                    <Value></Value>
                </Field>
                <Field name="A0ADDITIONAL_STAMPING_DATE">
                    <Value>0</Value>
                </Field>
                <Field name="A0ADDITIONAL_STAMPING_AMT">
                    <Value>0</Value>
                </Field>
                <Field name="A0ADDITIONAL_STAMPING_CURRENCY">
                    <Value></Value>
                </Field>
                <Field name="A0STAMP_UP_DATE">
                    <Value>0</Value>
                </Field>
                <Field name="A0ADDITIONAL_STAMPING_TYPE">
                    <Value></Value>
                </Field>
                <Field name="A0STAMPING_STATUS">
                    <Value></Value>
                </Field>
                <Field name="A0SLA_CODE">
                    <Value>N0</Value>
                </Field>
                <Field name="A0CURRENCY_TYPE">
                    <Value></Value>
                </Field>
                <Field name="A0CO_OFFICE_SENT_FOR_REG_DATE">
                    <Value>0</Value>
                </Field>
                <Field name="A0CO_OFFICE_REGISTERED_DATE">
                    <Value>0</Value>
                </Field>
                <Field name="A0RELEASE_DATE">
                    <Value>0</Value>
                </Field>
                <Field name="A0RESTRICTIONS_FACILITY_ACC_TYPE">
                    <Value></Value>
                </Field>
                <Field name="A0RESTRICTIONS_FACILITY_AMOUNT">
                    <Value>0</Value>
                </Field>
                <Field name="A0RESTRICTIONS_FACILITY_CURR">
                    <Value></Value>
                </Field>
                <Field name="A0REST_INSURANCE_CO_CONTACT_NAME">
                    <Value></Value>
                </Field>
                <Field name="A0RESTRICTIONS_INSURANCE_ID">
                    <Value></Value>
                </Field>
                <Field name="A0RESTRICTIONS_POLICY_NUMBER">
                    <Value></Value>
                </Field>
                <Field name="A0RESTRICTIONS_PROPERTY_ADDRESS">
                    <Value></Value>
                </Field>
                <Field name="A0RESTRICTIONS_DETAILS">
                    <Value></Value>
                </Field>
                <Field name="A0RESTRICTIONS_CEILING_ALLSUMS_AMT">
                    <Value>0</Value>
                </Field>
                <Field name="A0RESTRICTIONS_CEILING_ALLSUM_CURR">
                    <Value></Value>
                </Field>
                <Field name="A0POS_NOTES">
                    <Value>Bulk Update: Test 1899 SINS 22-11-19 Barry</Value>
                </Field>
                <Field name="A0SO_NOTES">
                    <Value></Value>
                </Field>
                <Field name="A0COMPANY_INDICATOR">
                    <Value>2</Value>
                </Field>
                <Field name="A0LAST_UPDATED_TIMESTAMP">
                    <Value>20191122145410532885</Value>
                </Field>
                <Field name="A0LAST_UPDATED_BY">
                    <Value>07258</Value>
                </Field>
                <Field name="A0CREATED_TIMESTAMP">
                    <Value>20180906062918267600</Value>
                </Field>
                <Field name="A0CREATED_BY">
                    <Value>33839</Value>
                </Field>
                <Field name="A0SOLR_CODE">
                    <Value></Value>
                </Field>
                <Field name="A0SOLR_C0_NAME">
                    <Value></Value>
                </Field>
                <Field name="A0SOLR_FILE_REF_NO">
                    <Value></Value>
                </Field>
                <Field name="A0BARCODE_NUMBER">
                    <Value>0</Value>
                </Field>
                <Field name="A0LENDER_CODE">
                    <Value>LOUT</Value>
                </Field>
                <Field name="A0NAPS_APP_ID">
                    <Value>19543489</Value>
                </Field>
                <Field name="A0AGGREGATE_LOAN_AMOUNT">
                    <Value>0.00</Value>
                </Field>
                <Field name="A0VALUATION_DATE">
                    <Value>00/00/0000</Value>
                </Field>
                <Field name="A0VALUATION_CURRENCY">
                    <Value></Value>
                </Field>
                <Field name="A0VALUATION_AMOUNT">
                    <Value>0.00</Value>
                </Field>
                <Field name="A0VALUATION_BY">
                    <Value></Value>
                </Field>
                <Field name="A0STATUS_NAME">
                    <Value>OTLA</Value>
                </Field>
                <Field name="A0SET_DATE">
                    <Value>06/09/2018</Value>
                </Field>
                <Field name="A0SOLICITOR_CODE">
                    <Value>S9283</Value>
                </Field>
                <Field name="A0SOLICITOR_COMPANY_NAME">
                    <Value>TESTER &amp; CO., H.</Value>
                </Field>
                <Field name="A0ASSURANCE_CO_CODE">
                    <Value></Value>
                </Field>
                <Field name="A0ASSURANCE_CO_NAME">
                    <Value></Value>
                </Field>
                <Field name="A0HM_APP_ID">
                    <Value>0</Value>
                </Field>
                <Field name="A0NAPS_GROUP">
                    <Value>1</Value>
                </Field>
                <List name="ApplicationIDList001">
                    <ListItem>
                        <Field name="A0NAPS_APPLICATION_ID">
                            <Value>19543489</Value>
                        </Field>
                    </ListItem>
                </List>
                <Field name="A0BENOWN_INV_GROUP">
                    <Value>2</Value>
                </Field>
                <List name="BenOwnInvGroup">
                    <ListItem>
                        <Field name="A0BENOWN_CIF_REF_NUMBER">
                            <Value>0100000938437104000</Value>
                        </Field>
                        <Field name="A0BENOWN_INVOLVEMENT_NUMBER">
                            <Value>16382549</Value>
                        </Field>
                        <Field name="A0BENOWN_COMPANY_INDICATOR">
                            <Value></Value>
                        </Field>
                        <Field name="A0BENOWN_CIF_NAME">
                            <Value>MR BRAD PITT{SENIOR} APT {1} DUBLIN</Value>
                        </Field>
                        <Field name="A0BENOWN_HELD_ON_CIF_INDICATOR">
                            <Value>Y</Value>
                        </Field>
                        <Field name="A0BENOWN_INVOLVEMENT_ROLE">
                            <Value>BENEFJOIN</Value>
                        </Field>
                        <Field name="A0BENOWN_INVOLVEMENT_TYPE">
                            <Value>SECUR</Value>
                        </Field>
                    </ListItem>
                    <ListItem>
                        <Field name="A0BENOWN_CIF_REF_NUMBER">
                            <Value>0100000938560107000</Value>
                        </Field>
                        <Field name="A0BENOWN_INVOLVEMENT_NUMBER">
                            <Value>46582517</Value>
                        </Field>
                        <Field name="A0BENOWN_COMPANY_INDICATOR">
                            <Value></Value>
                        </Field>
                        <Field name="A0BENOWN_CIF_NAME">
                            <Value>MRS SMALL BUSINESS CORNER SHOP DCD BALLSBRIDGE DUBLIN 4</Value>
                        </Field>
                        <Field name="A0BENOWN_HELD_ON_CIF_INDICATOR">
                            <Value>Y</Value>
                        </Field>
                        <Field name="A0BENOWN_INVOLVEMENT_ROLE">
                            <Value>BENEFJOIN</Value>
                        </Field>
                        <Field name="A0BENOWN_INVOLVEMENT_TYPE">
                            <Value>SECUR</Value>
                        </Field>
                    </ListItem>
                </List>
                <Field name="A0BORROWCUST_INV_GROUP">
                    <Value>2</Value>
                </Field>
                <List name="BorrowCustInvGroup">
                    <ListItem>
                        <Field name="A0BORROWCUST_CIF_REF_NUMBER">
                            <Value>0100000938437104000</Value>
                        </Field>
                        <Field name="A0BORROWCUST_INVOLVEMENT_NUMBER">
                            <Value>19278208</Value>
                        </Field>
                        <Field name="A0BORROWCUST_COMPANY_INDICATOR">
                            <Value></Value>
                        </Field>
                        <Field name="A0BORROWCUST_CIF_NAME">
                            <Value>MR BRAD PITT STREET 1 DUBLIN</Value>
                        </Field>
                        <Field name="A0BORROWCUST_HELD_ON_CIF_INDICATOR">
                            <Value>Y</Value>
                        </Field>
                        <Field name="A0BORROWCUST_INVOLVEMENT_ROLE">
                            <Value>BORROWJOIN</Value>
                        </Field>
                        <Field name="A0BORROWCUST_INVOLVEMENT_TYPE">
                            <Value>SECUR</Value>
                        </Field>
                    </ListItem>
                    <ListItem>
                        <Field name="A0BORROWCUST_CIF_REF_NUMBER">
                            <Value>0100000938560107000</Value>
                        </Field>
                        <Field name="A0BORROWCUST_INVOLVEMENT_NUMBER">
                            <Value>28190912</Value>
                        </Field>
                        <Field name="A0BORROWCUST_COMPANY_INDICATOR">
                            <Value></Value>
                        </Field>
                        <Field name="A0BORROWCUST_CIF_NAME">
                            <Value>MRS SMALL BUSINESS CORNER SHOP DCD BALLSBRIDGE DUBLIN 4</Value>
                        </Field>
                        <Field name="A0BORROWCUST_HELD_ON_CIF_INDICATOR">
                            <Value>Y</Value>
                        </Field>
                        <Field name="A0BORROWCUST_INVOLVEMENT_ROLE">
                            <Value>BORROWJOIN</Value>
                        </Field>
                        <Field name="A0BORROWCUST_INVOLVEMENT_TYPE">
                            <Value>SECUR</Value>
                        </Field>
                    </ListItem>
                </List>
                <Field name="A0SIGNEDBY_INV_GROUP">
                    <Value>0</Value>
                </Field>
                <List name="SignedByInvGroup"></List>
                <Field name="A0COMPANY_INV_GROUP">
                    <Value>0</Value>
                </Field>
                <List name="CompanyInvGroup"></List>
                <Field name="A0PROP_DEBENTURE_TYPE">
                    <Value>DUBL</Value>
                </Field>
                <Field name="A0PROP_SECURITY_DATE">
                    <Value>00/00/0000</Value>
                </Field>
                <Field name="A0PROP_REG_DEEDS_DATE_REG">
                    <Value>0</Value>
                </Field>
                <Field name="A0PROP_REG_DEEDS_PAGE_NO">
                    <Value>0</Value>
                </Field>
                <Field name="A0PROP_REG_DEEDS_BOOK_NO">
                    <Value>0</Value>
                </Field>
                <Field name="A0PROP_REG_DEEDS_LODGED_FOR_REG_DATE">
                    <Value>0</Value>
                </Field>
                <Field name="A0PROP_FHPA_DATE">
                    <Value>0</Value>
                </Field>
                <Field name="A0PROP_FHPA_STATEMENT_TYPE">
                    <Value></Value>
                </Field>
                <Field name="A0PROP_FHPA_SIGNED_BY">
                    <Value></Value>
                </Field>
                <Field name="A0PROP_INTER_LENDER_REQUIRED_INDICATOR">
                    <Value></Value>
                </Field>
                <Field name="A0PROP_FIRST_CHARGER_OR_LENDER">
                    <Value></Value>
                </Field>
                <Field name="A0PROP_DEED_OF_CONFIRMATION_IND">
                    <Value></Value>
                </Field>
                <Field name="A0PROP_LAST_UPDATED_TIMESTAMP">
                    <Value>20180906062918280459</Value>
                </Field>
                <Field name="A0PROP_PROPERTY_GROUP">
                    <Value>1</Value>
                </Field>
                <List name="PROPPropertyGroup">
                    <ListItem>
                        <Field name="A0PROP_PROPERTY_ID">
                            <Value>88473193</Value>
                        </Field>
                        <Field name="A0PROP_PROPERTY_ADDRESS_1">
                            <Value>55 ACR</Value>
                        </Field>
                        <Field name="A0PROP_PROPERTY_ADDRESS_2">
                            <Value>1</Value>
                        </Field>
                        <Field name="A0PROP_PROPERTY_ADDRESS_3">
                            <Value>1</Value>
                        </Field>
                        <Field name="A0PROP_PROPERTY_ADDRESS_4">
                            <Value>1,D7</Value>
                        </Field>
                        <Field name="A0PROP_FOLIO_NUMBER">
                            <Value></Value>
                        </Field>
                        <Field name="A0PROP_FOLIO_COUNTY">
                            <Value></Value>
                        </Field>
                        <Field name="A0PROP_RESIDENTIAL_INDICATOR">
                            <Value>1</Value>
                        </Field>
                    </ListItem>
                </List>
                <Field name="A0REGOWN_INV_GROUP">
                    <Value>0</Value>
                </Field>
                <List name="RegOwnInvGroup"></List>
            </Fields>
        </SecuritiesService001>
    </Response>
</channel_log_entry>
