<channel_log_entry timestamp="2025-07-29 10:56:36.165">
    <Request>
        <Log>N</Log>
        <ID>
            <version>1.0</version>
            <AppID>NBP</AppID>
            <AppName>SysTest_CAS_ROI_Current</AppName>
            <UsrID>5324654654</UsrID>
            <UnqID>88140</UnqID>
        </ID>
        <regionCode>ROI</regionCode>
        <sourceNSC>931012</sourceNSC>
        <staffNumber>88140</staffNumber>
        <deviceId></deviceId>
        <Transaction>SecuritiesRepeatingService</Transaction>
        <TransactionVersion>1</TransactionVersion>
        <Transaction>SecuritiesService003</Transaction>
        <TransactionVersion>1</TransactionVersion>
        <SecuritiesService003>
            <servType500>U</servType500>
            <source500>NAPS</source500>
            <ITEM_NUMBER index="1">84774748</ITEM_NUMBER>
            <VL_REGISTERED_OWNER index="1"></VL_REGISTERED_OWNER>
            <CURRENT_STATUS index="1">OTLA</CURRENT_STATUS>
            <SECURITY_TYPE index="1">GUARANTEE</SECURITY_TYPE>
            <HOLDING_NSC index="1"></HOLDING_NSC>
            <SECURITY_LOCATION index="1"></SECURITY_LOCATION>
            <STAMPED_TYPE index="1"></STAMPED_TYPE>
            <STAMPING_REQUIRED index="1"></STAMPING_REQUIRED>
            <STAMPING_REQUIRED_DATE index="1">0</STAMPING_REQUIRED_DATE>
            <STAMPED_AMOUNT index="1">0</STAMPED_AMOUNT>
            <STAMPING_CURRENCY index="1"></STAMPING_CURRENCY>
            <STAMPED_DATE index="1">0</STAMPED_DATE>
            <ADDITIONAL_STAMPING_REQUIRED index="1"></ADDITIONAL_STAMPING_REQUIRED>
            <ADDITIONAL_STAMPING_DATE index="1">0</ADDITIONAL_STAMPING_DATE>
            <ADDITIONAL_STAMPING_AMT index="1">0</ADDITIONAL_STAMPING_AMT>
            <ADDITIONAL_STAMPING_CURRENCY index="1"></ADDITIONAL_STAMPING_CURRENCY>
            <STAMP_UP_DATE index="1">0</STAMP_UP_DATE>
            <ADDITIONAL_STAMPING_TYPE index="1"></ADDITIONAL_STAMPING_TYPE>
            <STAMPING_STATUS index="1"></STAMPING_STATUS>
            <SLA_CODE index="1">N0</SLA_CODE>
            <CURRENCY_TYPE index="1">EUR</CURRENCY_TYPE>
            <CO_OFFICE_SENT_FOR_REG_DATE index="1">0</CO_OFFICE_SENT_FOR_REG_DATE>
            <CO_OFFICE_REGISTERED_DATE index="1">0</CO_OFFICE_REGISTERED_DATE>
            <RELEASE_DATE index="1">0</RELEASE_DATE>
            <RESTRICTIONS_FACILITY_ACC_TYPE index="1"></RESTRICTIONS_FACILITY_ACC_TYPE>
            <RESTRICTIONS_FACILITY_AMOUNT index="1">0</RESTRICTIONS_FACILITY_AMOUNT>
            <RESTRICTIONS_FACILITY_CURR index="1"></RESTRICTIONS_FACILITY_CURR>
            <REST_INSURANCE_CO_CONTACT_NAME index="1"></REST_INSURANCE_CO_CONTACT_NAME>
            <RESTRICTIONS_INSURANCE_ID index="1"></RESTRICTIONS_INSURANCE_ID>
            <RESTRICTIONS_POLICY_NUMBER index="1"></RESTRICTIONS_POLICY_NUMBER>
            <RESTRICTIONS_PROPERTY_ADDRESS index="1"></RESTRICTIONS_PROPERTY_ADDRESS>
            <RESTRICTIONS_DETAILS index="1"></RESTRICTIONS_DETAILS>
            <RESTRICTIONS_CEILING_ALLSUMS_AMT index="1">0</RESTRICTIONS_CEILING_ALLSUMS_AMT>
            <RESTRICTIONS_CEILING_ALLSUM_CURR index="1"></RESTRICTIONS_CEILING_ALLSUM_CURR>
            <SOLR_FILE_REF_NO index="1"></SOLR_FILE_REF_NO>
            <POS_NOTES index="1">0</POS_NOTES>
            <SO_NOTES index="1"></SO_NOTES>
            <COMPANY_INDICATOR index="1">1</COMPANY_INDICATOR>
            <LAST_UPDATED_TIMESTAMP index="1">20250721100121513745</LAST_UPDATED_TIMESTAMP>
            <LAST_UPDATED_BY index="1">88140</LAST_UPDATED_BY>
            <CREATED_TIMESTAMP index="1">20250721100121509872</CREATED_TIMESTAMP>
            <CREATED_BY index="1">88140</CREATED_BY>
            <SET_DATE index="1">21/07/2025</SET_DATE>
            <BARCODE_NUMBER index="1">0</BARCODE_NUMBER>
            <VALUATION_AMOUNT index="1">0.00</VALUATION_AMOUNT>
            <VALUATION_CURRENCY index="1"></VALUATION_CURRENCY>
            <VALUATION_DATE index="1">00/00/0000</VALUATION_DATE>
            <VALUATION_BY index="1"></VALUATION_BY>
            <SOLICITOR_CODE index="1"></SOLICITOR_CODE>
            <SOLICITOR_COMPANY_NAME index="1"></SOLICITOR_COMPANY_NAME>
            <ASSURANCE_CO_CODE index="1"></ASSURANCE_CO_CODE>
            <NAPS_APP_ID index="1">14024080</NAPS_APP_ID>
            <GUARANTEE_DATE index="1">00/00/0000</GUARANTEE_DATE>
            <GUARANTEE_AMOUNT index="1">67000</GUARANTEE_AMOUNT>
            <SUPPORTED_OR_UNSUPPORTED index="1"></SUPPORTED_OR_UNSUPPORTED>
            <GUARANTEE_TYPE index="1">PROI</GUARANTEE_TYPE>
            <LETTER_OF_WAIVER_INDICATOR index="1"></LETTER_OF_WAIVER_INDICATOR>
            <RELATIONSHIP_TYPE index="1">FAMY</RELATIONSHIP_TYPE>
            <GUARANTEE_LAST_UPDATED_TIMESTAMP index="1">20250721100121530911</GUARANTEE_LAST_UPDATED_TIMESTAMP>
            <BENOWN_INV_GROUP>2</BENOWN_INV_GROUP>
            <BenOwnInvGroup>
                <listitem index="0">
                    <BENOWN_INV_COMPANY_INDICATOR index="0"> </BENOWN_INV_COMPANY_INDICATOR>
                    <BENOWN_RELATIONSHIP_QUALITY_CODE index="0"> </BENOWN_RELATIONSHIP_QUALITY_CODE>
                    <BENOWN_HELD_ON_CIF_INDICATOR index="0">Y</BENOWN_HELD_ON_CIF_INDICATOR>
                    <BENOWN_INVOLVEMENT_TYPE index="0">SECUR</BENOWN_INVOLVEMENT_TYPE>
                    <BENOWN_INVOLVEMENT_ROLE index="0">BENEFJOIN </BENOWN_INVOLVEMENT_ROLE>
                    <BENOWN_CIF_REF_NUMBER index="0">0100000938437104000</BENOWN_CIF_REF_NUMBER>
                    <BENOWN_COMPANY_ID index="0">000000000000000</BENOWN_COMPANY_ID>
                </listitem>
                <listitem index="1">
                    <BENOWN_INV_COMPANY_INDICATOR index="1"> </BENOWN_INV_COMPANY_INDICATOR>
                    <BENOWN_RELATIONSHIP_QUALITY_CODE index="1"> </BENOWN_RELATIONSHIP_QUALITY_CODE>
                    <BENOWN_HELD_ON_CIF_INDICATOR index="1">Y</BENOWN_HELD_ON_CIF_INDICATOR>
                    <BENOWN_INVOLVEMENT_TYPE index="1">SECUR</BENOWN_INVOLVEMENT_TYPE>
                    <BENOWN_INVOLVEMENT_ROLE index="1">BENEFJOIN </BENOWN_INVOLVEMENT_ROLE>
                    <BENOWN_CIF_REF_NUMBER index="1">0100000932437490000</BENOWN_CIF_REF_NUMBER>
                    <BENOWN_COMPANY_ID index="1">000000000000000</BENOWN_COMPANY_ID>
                </listitem>
            </BenOwnInvGroup>
            <BORROWCUST_INV_GROUP>2</BORROWCUST_INV_GROUP>
            <BorrowCustInvGroup>
                <listitem index="0">
                    <BORROWCUST_INV_COMPANY_INDICATOR index="0"> </BORROWCUST_INV_COMPANY_INDICATOR>
                    <BORROWCUST_RELATIONSHIP_QUALITY_CODE index="0"> </BORROWCUST_RELATIONSHIP_QUALITY_CODE>
                    <BORROWCUST_HELD_ON_CIF_INDICATOR index="0">Y</BORROWCUST_HELD_ON_CIF_INDICATOR>
                    <BORROWCUST_INVOLVEMENT_TYPE index="0">SECUR</BORROWCUST_INVOLVEMENT_TYPE>
                    <BORROWCUST_INVOLVEMENT_ROLE index="0">BORROWJOIN</BORROWCUST_INVOLVEMENT_ROLE>
                    <BORROWCUST_CIF_REF_NUMBER index="0">0100000938437104000</BORROWCUST_CIF_REF_NUMBER>
                    <BORROWCUST_COMPANY_ID index="0">000000000000000</BORROWCUST_COMPANY_ID>
                </listitem>
                <listitem index="1">
                    <BORROWCUST_INV_COMPANY_INDICATOR index="1"> </BORROWCUST_INV_COMPANY_INDICATOR>
                    <BORROWCUST_RELATIONSHIP_QUALITY_CODE index="1"> </BORROWCUST_RELATIONSHIP_QUALITY_CODE>
                    <BORROWCUST_HELD_ON_CIF_INDICATOR index="1">Y</BORROWCUST_HELD_ON_CIF_INDICATOR>
                    <BORROWCUST_INVOLVEMENT_TYPE index="1">SECUR</BORROWCUST_INVOLVEMENT_TYPE>
                    <BORROWCUST_INVOLVEMENT_ROLE index="1">BORROWJOIN</BORROWCUST_INVOLVEMENT_ROLE>
                    <BORROWCUST_CIF_REF_NUMBER index="1">0100000932437490000</BORROWCUST_CIF_REF_NUMBER>
                    <BORROWCUST_COMPANY_ID index="1">000000000000000</BORROWCUST_COMPANY_ID>
                </listitem>
            </BorrowCustInvGroup>
            <SIGNEDBY_INV_GROUP>0</SIGNEDBY_INV_GROUP>
            <SignedByInvGroup></SignedByInvGroup>
            <COMPANY_INV_GROUP>0</COMPANY_INV_GROUP>
            <CompanyInvGroup></CompanyInvGroup>
            <GUARANTOR_INV_GROUP>1</GUARANTOR_INV_GROUP>
            <GuarantorInvGroup>
                <listitem index="0">
                    <GUARANTOR_INV_COMPANY_INDICATOR index="0"> </GUARANTOR_INV_COMPANY_INDICATOR>
                    <GUARANTOR_RELATIONSHIP_QUALITY_CODE index="0"> </GUARANTOR_RELATIONSHIP_QUALITY_CODE>
                    <GUARANTOR_HELD_ON_CIF_INDICATOR index="0">Y</GUARANTOR_HELD_ON_CIF_INDICATOR>
                    <GUARANTOR_INVOLVEMENT_TYPE index="0">SECUR</GUARANTOR_INVOLVEMENT_TYPE>
                    <GUARANTOR_INVOLVEMENT_ROLE index="0">GUARANTOR </GUARANTOR_INVOLVEMENT_ROLE>
                    <GUARANTOR_CIF_REF_NUMBER index="0">0100000931530161000</GUARANTOR_CIF_REF_NUMBER>
                    <GUARANTOR_COMPANY_ID index="0">000000000000000</GUARANTOR_COMPANY_ID>
                </listitem>
            </GuarantorInvGroup>
            <NAPS_GROUP>0</NAPS_GROUP>
            <ApplicationIDList001></ApplicationIDList001>
            <SUPPORTING_SECURITIES>0</SUPPORTING_SECURITIES>
            <supportingSecurities></supportingSecurities>
        </SecuritiesService003>
        <RepeatingService skip="10"/>
    </Request>
    <Response>
        <SecuritiesService>003</SecuritiesService>
        <source500>NAPS</source500>
        <servType500>U</servType500>
        <SecuritiesService003>
            <errorNode>
                <errorCode>1</errorCode>
                <errorMsg></errorMsg>
                <errorSev/>
                <errorSource>Securities</errorSource>
            </errorNode>
            <Fields>
                <Field name="A0LAST_UPDATED_TIMESTAMP_RESP">
                    <Value>20250729105636119725</Value>
                </Field>
            </Fields>
        </SecuritiesService003>
    </Response>
</channel_log_entry>
