<channel_log_entry timestamp="2025-07-11 06:25:00.824">
    <Request>
        <Log>N</Log>
        <ID>
            <version>1.0</version>
            <AppID>NBP</AppID>
            <AppName>SysTest_CAS_ROI_Current</AppName>
            <UsrID>5324654654</UsrID>
            <UnqID>88140</UnqID>
        </ID>
        <regionCode>ROI</regionCode>
        <sourceNSC>931012</sourceNSC>
        <staffNumber>88140</staffNumber>
        <deviceId></deviceId>
        <Transaction>SecuritiesService061</Transaction>
        <TransactionVersion>1</TransactionVersion>
        <SecuritiesService061>
            <servType500>RS</servType500>
            <source500>NAPS</source500>
            <SECURITY_ITEM_NUMBER index="1">39364533</SECURITY_ITEM_NUMBER>
        </SecuritiesService061>
    </Request>
    <Response>
        <SecuritiesService>061</SecuritiesService>
        <source500>NAPS</source500>
        <servType500>RS</servType500>
        <SecuritiesService061>
            <errorNode>
                <errorCode>1</errorCode>
                <errorMsg></errorMsg>
                <errorSev/>
                <errorSource>Securities</errorSource>
            </errorNode>
            <Fields>
                <Field name="A0ITEM_NUMBER">
                    <Value>39364533</Value>
                </Field>
                <Field name="A0SECURITY_TYPE">
                    <Value>PROPERTY</Value>
                </Field>
                <Field name="A0SECURITY_SUBTYPE">
                    <Value>DUBL</Value>
                </Field>
                <Field name="A0VALUATION_DATE">
                    <Value>00/00/0000</Value>
                </Field>
                <Field name="A0VALUATION_CURRENCY">
                    <Value></Value>
                </Field>
                <Field name="A0VALUATION_AMOUNT">
                    <Value>0.00</Value>
                </Field>
                <Field name="A0VALUATION_BY">
                    <Value></Value>
                </Field>
                <Field name="A0NAPS_APP_ID">
                    <Value>19543489</Value>
                </Field>
                <Field name="A0BEN_OWNERS">
                    <Value>2</Value>
                </Field>
                <List name="beneficialOwners061">
                    <ListItem>
                        <Field name="A0CIF_REF_NUMBER">
                            <Value>0100000938437104000</Value>
                        </Field>
                        <Field name="A0CIF_REF_NAME">
                            <Value>MR BRAD PITT{SENIOR} APT {1} DUBLIN</Value>
                        </Field>
                    </ListItem>
                    <ListItem>
                        <Field name="A0CIF_REF_NUMBER">
                            <Value>0100000938560107000</Value>
                        </Field>
                        <Field name="A0CIF_REF_NAME">
                            <Value>MRS SMALL BUSINESS CORNER SHOP DCD BALLSBRIDGE DUBLIN 4</Value>
                        </Field>
                    </ListItem>
                </List>
                <Field name="A0ATTACHED_ACCOUNTS_GROUP">
                    <Value>0</Value>
                </Field>
                <List name="attachedAccounts061"></List>
            </Fields>
        </SecuritiesService061>
    </Response>
</channel_log_entry>
