<channel_log_entry timestamp="2025-08-06 07:42:34.392">
    <Request>
        <Log>N</Log>
        <ID>
            <version>1.0</version>
            <AppID>NBP</AppID>
            <AppName>SysTest_CAS_ROI_Current</AppName>
            <UsrID>5324654654</UsrID>
            <UnqID>88140</UnqID>
        </ID>
        <regionCode>ROI</regionCode>
        <sourceNSC>931012</sourceNSC>
        <staffNumber>88140</staffNumber>
        <deviceId></deviceId>
        <Transaction>SecuritiesService034</Transaction>
        <TransactionVersion>1</TransactionVersion>
        <SecuritiesService034>
            <servType500>U</servType500>
            <source500>NAPS</source500>
            <ITEM_NUMBER index="1">34910392</ITEM_NUMBER>
            <VL_REGISTERED_OWNER index="1"></VL_REGISTERED_OWNER>
            <CURRENT_STATUS index="1">OTLA</CURRENT_STATUS>
            <SECURITY_TYPE index="1">PROPERTY</SECURITY_TYPE>
            <HOLDING_NSC index="1"></HOLDING_NSC>
            <SECURITY_LOCATION index="1"></SECURITY_LOCATION>
            <STAMPED_TYPE index="1"></STAMPED_TYPE>
            <STAMPING_REQUIRED index="1"></STAMPING_REQUIRED>
            <STAMPING_REQUIRED_DATE index="1">0</STAMPING_REQUIRED_DATE>
            <STAMPED_AMOUNT index="1">0</STAMPED_AMOUNT>
            <STAMPING_CURRENCY index="1"></STAMPING_CURRENCY>
            <STAMPED_DATE index="1">0</STAMPED_DATE>
            <ADDITIONAL_STAMPING_REQUIRED index="1"></ADDITIONAL_STAMPING_REQUIRED>
            <ADDITIONAL_STAMPING_DATE index="1">0</ADDITIONAL_STAMPING_DATE>
            <ADDITIONAL_STAMPING_AMT index="1">0</ADDITIONAL_STAMPING_AMT>
            <ADDITIONAL_STAMPING_CURRENCY index="1"></ADDITIONAL_STAMPING_CURRENCY>
            <STAMP_UP_DATE index="1">0</STAMP_UP_DATE>
            <ADDITIONAL_STAMPING_TYPE index="1"></ADDITIONAL_STAMPING_TYPE>
            <STAMPING_STATUS index="1"></STAMPING_STATUS>
            <SLA_CODE index="1">N0</SLA_CODE>
            <CURRENCY_TYPE index="1"></CURRENCY_TYPE>
            <CO_OFFICE_SENT_FOR_REG_DATE index="1">0</CO_OFFICE_SENT_FOR_REG_DATE>
            <CO_OFFICE_REGISTERED_DATE index="1">0</CO_OFFICE_REGISTERED_DATE>
            <RELEASE_DATE index="1">0</RELEASE_DATE>
            <RESTRICTIONS_FACILITY_ACC_TYPE index="1"></RESTRICTIONS_FACILITY_ACC_TYPE>
            <RESTRICTIONS_FACILITY_AMOUNT index="1">0</RESTRICTIONS_FACILITY_AMOUNT>
            <RESTRICTIONS_FACILITY_CURR index="1"></RESTRICTIONS_FACILITY_CURR>
            <REST_INSURANCE_CO_CONTACT_NAME index="1"></REST_INSURANCE_CO_CONTACT_NAME>
            <RESTRICTIONS_INSURANCE_ID index="1"></RESTRICTIONS_INSURANCE_ID>
            <RESTRICTIONS_POLICY_NUMBER index="1"></RESTRICTIONS_POLICY_NUMBER>
            <RESTRICTIONS_PROPERTY_ADDRESS index="1"></RESTRICTIONS_PROPERTY_ADDRESS>
            <RESTRICTIONS_DETAILS index="1"></RESTRICTIONS_DETAILS>
            <RESTRICTIONS_CEILING_ALLSUMS_AMT index="1">0</RESTRICTIONS_CEILING_ALLSUMS_AMT>
            <RESTRICTIONS_CEILING_ALLSUM_CURR index="1"></RESTRICTIONS_CEILING_ALLSUM_CURR>
            <SOLR_FILE_REF_NO index="1"></SOLR_FILE_REF_NO>
            <POS_NOTES index="1">0</POS_NOTES>
            <SO_NOTES index="1"></SO_NOTES>
            <COMPANY_INDICATOR index="1">2</COMPANY_INDICATOR>
            <LAST_UPDATED_TIMESTAMP index="1">20250806072946881265</LAST_UPDATED_TIMESTAMP>
            <LAST_UPDATED_BY index="1">88140</LAST_UPDATED_BY>
            <CREATED_TIMESTAMP index="1">20250806072946881254</CREATED_TIMESTAMP>
            <CREATED_BY index="1">88140</CREATED_BY>
            <SET_DATE index="1">06/08/2025</SET_DATE>
            <BARCODE_NUMBER index="1">0</BARCODE_NUMBER>
            <SOLICITOR_CODE index="1">30637</SOLICITOR_CODE>
            <SOLICITOR_COMPANY_NAME index="1"></SOLICITOR_COMPANY_NAME>
            <ASSURANCE_CO_CODE index="1"></ASSURANCE_CO_CODE>
            <ASSURANCE_CO_NAME index="1"></ASSURANCE_CO_NAME>
            <NAPS_APP_ID index="1">14024080</NAPS_APP_ID>
            <PROP_DEBENTURE_TYPE index="1">REST</PROP_DEBENTURE_TYPE>
            <PROP_SECURITY_DATE index="1">00/00/0000</PROP_SECURITY_DATE>
            <PROP_REG_DEEDS_DATE_REG index="1">0</PROP_REG_DEEDS_DATE_REG>
            <PROP_REG_DEEDS_PAGE_NO index="1">0</PROP_REG_DEEDS_PAGE_NO>
            <PROP_REG_DEEDS_BOOK_NO index="1">0</PROP_REG_DEEDS_BOOK_NO>
            <PROP_REG_DEEDS_LODGED_FOR_REG_DATE index="1">0</PROP_REG_DEEDS_LODGED_FOR_REG_DATE>
            <PROP_FHPA_DATE index="1">0</PROP_FHPA_DATE>
            <PROP_FHPA_STATEMENT_TYPE index="1"></PROP_FHPA_STATEMENT_TYPE>
            <PROP_FHPA_SIGNED_BY index="1"></PROP_FHPA_SIGNED_BY>
            <PROP_INTER_LENDER_REQUIRED_INDICATOR index="1"></PROP_INTER_LENDER_REQUIRED_INDICATOR>
            <PROP_FIRST_CHARGER_OR_LENDER index="1"></PROP_FIRST_CHARGER_OR_LENDER>
            <PROP_DEED_OF_CONFIRMATION_IND index="1"></PROP_DEED_OF_CONFIRMATION_IND>
            <PROP_LAST_UPDATED_TIMESTAMP index="1">20250806072946907278</PROP_LAST_UPDATED_TIMESTAMP>
            <PROP_HOME_MORTGAGE_USAGE_FLAG index="1"></PROP_HOME_MORTGAGE_USAGE_FLAG>
            <PROP_HM_APP_ID index="1"></PROP_HM_APP_ID>
            <PARENT_GUARANTEE_ITEM index="1"></PARENT_GUARANTEE_ITEM>
            <PROP_PROPERTY_GROUP>1</PROP_PROPERTY_GROUP>
            <PROPPropertyGroup>
                <listitem index="0">
                    <PROP_PROPERTY_ID index="0">000000060916662</PROP_PROPERTY_ID>
                    <PROP_PROPERTY_ADDRESS_1 index="0">24,Blah Blah Blah             </PROP_PROPERTY_ADDRESS_1>
                    <PROP_PROPERTY_ADDRESS_2 index="0">Blarney                       </PROP_PROPERTY_ADDRESS_2>
                    <PROP_PROPERTY_ADDRESS_3 index="0">Village                       </PROP_PROPERTY_ADDRESS_3>
                    <PROP_PROPERTY_ADDRESS_4 index="0">Tower,CK                      </PROP_PROPERTY_ADDRESS_4>
                    <PROP_FOLIO_NUMBER index="0">44AQQQ222      </PROP_FOLIO_NUMBER>
                    <PROP_FOLIO_COUNTY index="0">DN</PROP_FOLIO_COUNTY>
                    <PROP_RESIDENTIAL_INDICATOR index="0">3</PROP_RESIDENTIAL_INDICATOR>
                </listitem>
            </PROPPropertyGroup>
            <BENOWN_INV_GROUP>2</BENOWN_INV_GROUP>
            <BenOwnInvGroup>
                <listitem index="0">
                    <BENOWN_INV_COMPANY_INDICATOR index="0"> </BENOWN_INV_COMPANY_INDICATOR>
                    <BENOWN_RELATIONSHIP_QUALITY_CODE index="0"> </BENOWN_RELATIONSHIP_QUALITY_CODE>
                    <BENOWN_HELD_ON_CIF_INDICATOR index="0">Y</BENOWN_HELD_ON_CIF_INDICATOR>
                    <BENOWN_INVOLVEMENT_TYPE index="0">SECUR</BENOWN_INVOLVEMENT_TYPE>
                    <BENOWN_INVOLVEMENT_ROLE index="0">BENEFJOIN </BENOWN_INVOLVEMENT_ROLE>
                    <BENOWN_CIF_REF_NUMBER index="0">0100000938437104000</BENOWN_CIF_REF_NUMBER>
                    <BENOWN_COMPANY_ID index="0">000000000000000</BENOWN_COMPANY_ID>
                </listitem>
                <listitem index="1">
                    <BENOWN_INV_COMPANY_INDICATOR index="1"> </BENOWN_INV_COMPANY_INDICATOR>
                    <BENOWN_RELATIONSHIP_QUALITY_CODE index="1"> </BENOWN_RELATIONSHIP_QUALITY_CODE>
                    <BENOWN_HELD_ON_CIF_INDICATOR index="1">Y</BENOWN_HELD_ON_CIF_INDICATOR>
                    <BENOWN_INVOLVEMENT_TYPE index="1">SECUR</BENOWN_INVOLVEMENT_TYPE>
                    <BENOWN_INVOLVEMENT_ROLE index="1">BENEFJOIN </BENOWN_INVOLVEMENT_ROLE>
                    <BENOWN_CIF_REF_NUMBER index="1">0100000932437490000</BENOWN_CIF_REF_NUMBER>
                    <BENOWN_COMPANY_ID index="1">000000000000000</BENOWN_COMPANY_ID>
                </listitem>
            </BenOwnInvGroup>
            <BORROWCUST_INV_GROUP>2</BORROWCUST_INV_GROUP>
            <BorrowCustInvGroup>
                <listitem index="0">
                    <BORROWCUST_INV_COMPANY_INDICATOR index="0"> </BORROWCUST_INV_COMPANY_INDICATOR>
                    <BORROWCUST_RELATIONSHIP_QUALITY_CODE index="0"> </BORROWCUST_RELATIONSHIP_QUALITY_CODE>
                    <BORROWCUST_HELD_ON_CIF_INDICATOR index="0">Y</BORROWCUST_HELD_ON_CIF_INDICATOR>
                    <BORROWCUST_INVOLVEMENT_TYPE index="0">SECUR</BORROWCUST_INVOLVEMENT_TYPE>
                    <BORROWCUST_INVOLVEMENT_ROLE index="0">BORROWJOIN</BORROWCUST_INVOLVEMENT_ROLE>
                    <BORROWCUST_CIF_REF_NUMBER index="0">0100000938437104000</BORROWCUST_CIF_REF_NUMBER>
                    <BORROWCUST_COMPANY_ID index="0">000000000000000</BORROWCUST_COMPANY_ID>
                </listitem>
                <listitem index="1">
                    <BORROWCUST_INV_COMPANY_INDICATOR index="1"> </BORROWCUST_INV_COMPANY_INDICATOR>
                    <BORROWCUST_RELATIONSHIP_QUALITY_CODE index="1"> </BORROWCUST_RELATIONSHIP_QUALITY_CODE>
                    <BORROWCUST_HELD_ON_CIF_INDICATOR index="1">Y</BORROWCUST_HELD_ON_CIF_INDICATOR>
                    <BORROWCUST_INVOLVEMENT_TYPE index="1">SECUR</BORROWCUST_INVOLVEMENT_TYPE>
                    <BORROWCUST_INVOLVEMENT_ROLE index="1">BORROWJOIN</BORROWCUST_INVOLVEMENT_ROLE>
                    <BORROWCUST_CIF_REF_NUMBER index="1">0100000932437490000</BORROWCUST_CIF_REF_NUMBER>
                    <BORROWCUST_COMPANY_ID index="1">000000000000000</BORROWCUST_COMPANY_ID>
                </listitem>
            </BorrowCustInvGroup>
            <SIGNEDBY_INV_GROUP>0</SIGNEDBY_INV_GROUP>
            <SignedByInvGroup></SignedByInvGroup>
            <COMPANY_INV_GROUP>0</COMPANY_INV_GROUP>
            <CompanyInvGroup></CompanyInvGroup>
            <REGOWN_INV_GROUP>0</REGOWN_INV_GROUP>
            <RegOwnInvGroup></RegOwnInvGroup>
            <NAPS_GROUP>0</NAPS_GROUP>
            <ApplicationIDList001></ApplicationIDList001>
        </SecuritiesService034>
    </Request>
    <Response>
        <SecuritiesService>034</SecuritiesService>
        <source500>NAPS</source500>
        <servType500>U</servType500>
        <SecuritiesService034>
            <errorNode>
                <errorCode>1</errorCode>
                <errorMsg></errorMsg>
                <errorSev/>
                <errorSource>Securities</errorSource>
            </errorNode>
            <Fields>
                <Field name="A0LAST_UPDATED_TIMESTAMP">
                    <Value>20250806074234372899</Value>
                </Field>
            </Fields>
        </SecuritiesService034>
    </Response>
</channel_log_entry>
