<channel_log_entry timestamp="2025-07-10 11:35:07.232">
    <Request>
        <Log>N</Log>
        <ID>
            <version>1.0</version>
            <AppID>NBP</AppID>
            <AppName>SysTest_CAS_ROI_Future</AppName>
            <UsrID>5324654654</UsrID>
            <UnqID>57611</UnqID>
        </ID>
        <regionCode>ROI</regionCode>
        <sourceNSC>932361</sourceNSC>
        <staffNumber>57611</staffNumber>
        <deviceId></deviceId>
        <Transaction>SecuritiesService058</Transaction>
        <TransactionVersion>1</TransactionVersion>
        <SecuritiesService058>
            <servType500>UD</servType500>
            <source500>NAPS</source500>
            <NAPS_APP_ID index="1">14024080</NAPS_APP_ID>
            <SECURITY_ITEM_GROUP>1</SECURITY_ITEM_GROUP>
            <SecurityItemGrp>
                <listitem index="0">
                    <SECURITY_ITEM_NUMBER index="0">000000057130511</SECURITY_ITEM_NUMBER>
                    <CREATED_BY_NAPS_APP_ID index="0">000000014024080</CREATED_BY_NAPS_APP_ID>
                </listitem>
            </SecurityItemGrp>
        </SecuritiesService058>
    </Request>
    <Response>
        <SecuritiesService>058</SecuritiesService>
        <source500>NAPS</source500>
        <servType500>UD</servType500>
        <SecuritiesService058>
            <errorNode>
                <errorCode>1</errorCode>
                <errorMsg></errorMsg>
                <errorSev/>
                <errorSource>Securities</errorSource>
            </errorNode>
            <Fields></Fields>
        </SecuritiesService058>
    </Response>
</channel_log_entry>
