<configuration>
  <jmxConfigurator />

  <include resource="org/springframework/boot/logging/logback/defaults.xml" />
  <include
          resource="org/springframework/boot/logging/logback/console-appender.xml" />

  <springProperty scope="local" name="APP_NAME"
                  source="spring.application.name" defaultValue="spring" />

  <property name="LOG_LEVEL_PATTERN"
            value="%clr(%5p) %clr([${APP_NAME},%X{X-B3-TraceId:-},%X{X-B3-SpanId:-},%X{X-Span-Export:-}]){yellow}" />

  <property name="CONSOLE_LOG_PATTERN"
            value="%clr(%d{yyyy-MM-dd HH:mm:ss.SSS}){faint} %clr(${LOG_LEVEL_PATTERN:-%5p}) %clr(${PID:- }){magenta} %clr(---){faint} %clr([%15.15t]){faint} %clr(%-40.40logger{39}){cyan} %clr(:){faint} %m%n${LOG_EXCEPTION_CONVERSION_WORD:-%wEx}" />

  <property name="FILE_LOG_PATTERN"
            value="%d{yyyy-MM-dd HH:mm:ss.SSS} ${LOG_LEVEL_PATTERN:-%5p} ${PID:- } --- [%15.15t] %-40.40logger{39} : %m%n${LOG_EXCEPTION_CONVERSION_WORD:-%wEx}" />

  <property name="LOG_FILE"
            value="${LOG_FILE:-${LOG_PATH:-${LOG_TEMP:-${java.io.tmpdir:-/tmp}}}/${APP_NAME}}" />

  <appender name="CONSOLE"
            class="ch.qos.logback.core.ConsoleAppender">
    <encoder>
      <pattern>${CONSOLE_LOG_PATTERN}</pattern>
    </encoder>
  </appender>

  <appender name="FLAT_FILE"
            class="ch.qos.logback.core.rolling.RollingFileAppender">
    <encoder>
      <pattern>${FILE_LOG_PATTERN}</pattern>
    </encoder>
    <file>${LOG_FILE}</file>
    <rollingPolicy class="ch.qos.logback.core.rolling.TimeBasedRollingPolicy">
      <fileNamePattern>${LOG_FILE}.%d{yyyy-MM-dd}</fileNamePattern>
      <maxHistory>30</maxHistory>
    </rollingPolicy>
  </appender>

  <appender name="JSON_FILE"
            class="ch.qos.logback.core.rolling.RollingFileAppender">
    <file>${LOG_FILE}.json</file>
    <rollingPolicy class="ch.qos.logback.core.rolling.TimeBasedRollingPolicy">
      <fileNamePattern>${LOG_FILE}.json.%d{yyyy-MM-dd}</fileNamePattern>
      <maxHistory>30</maxHistory>
    </rollingPolicy>
    <encoder
            class="net.logstash.logback.encoder.LoggingEventCompositeJsonEncoder">
      <providers>
        <timestamp>
          <fieldName>timestamp</fieldName>
          <timeZone>UTC</timeZone>
        </timestamp>
        <pattern>
          <pattern>
            {
            "severity": "%level",
            "application": "${APP_NAME:-}",
            "applicationVersion": "%X{APP_VERSION:-}",
            "operationId ": "%X{X-B3-TraceId:-}",
            "requestId": "%X{X-B3-SpanId:-}",
            "pid": "${PID:-}",
            "thread": "%thread",
            "class": "%logger{40}",
            "message": "#tryJson{%message}"
            }
          </pattern>
        </pattern>
      </providers>
    </encoder>
  </appender>

  <root level="INFO">
    <appender-ref ref="CONSOLE" />
    <appender-ref ref="FLAT_FILE" />
    <!-- <appender-ref ref="JSON_FILE" /> --> <!-- Disabled: requires logstash-logback-encoder dependency -->
  </root>

  <logger
          name="ie.aib"
          additivity="false" level="DEBUG">
    <appender-ref ref="CONSOLE" />
    <appender-ref ref="FLAT_FILE" />
    <!-- <appender-ref ref="JSON_FILE" /> -->
  </logger>

  <logger
          name="com.netflix.discovery.shared.resolver.aws.ConfigClusterResolver"
          additivity="false" level="WARN">
    <appender-ref ref="CONSOLE" />
    <appender-ref ref="FLAT_FILE" />
    <!-- <appender-ref ref="JSON_FILE" /> -->
  </logger>

  <logger
          name="org.springframework.cloud.config.client.ConfigServicePropertySourceLocator"
          additivity="false" level="WARN">
    <appender-ref ref="CONSOLE" />
    <appender-ref ref="FLAT_FILE" />
    <!-- <appender-ref ref="JSON_FILE" /> -->
  </logger>

</configuration>
