{
  "assignmentOfLife": {
    "assignmentDate": "2025-10-07",
    "eventWhenPayble": "BEFR",
    "expiryDate": "2025-10-07",
    "securityItemNumber": "string",
    "insuranceId": "string",
    "policyNumber": "string",
    "policyType": "ENDW",
    "sumAssured": "string"
  },
  "securityItem": {
    "companyOfficeRegDate": "2025-10-07",
    "companyOfficeRegSentDate": "2025-10-07",
    "companyIndicator": "0",
    "currencyType": "str",
    "currentStatus": "APFH",
    "assuranceCode": "string",
    "homeAppId": "string",
    "napsAppId": "string",
    "solicitorCode": "string",
    "thirdPartyCompany": "string",
    "holdingNsc": "string",
    "itemNumber": "string",
    "posNotes": "string",
    "securityType": "DEBENTURE",
    "slaCode": "A0",
    "soNotes": "string",
    "solicitorFileRefNo": "string"
  },
  "supportingSecurity": [
    {
      "bkUpSecurityItem": 0,
      "supSecurityItem": 0
    }
  ],
  "custSecurities": [
    {
      "cifKey": "string",
      "securityItemNumber": "string",
      "securityInvolvement": [
        {
          "companyId": "string",
          "propertyId": "string",
          "shareId": "string",
          "involvementNumber": "string",
          "involvementRole": "string",
          "involvementType": "string"
        }
      ]
    }
  ],
  "napsDetails": [
    {
      "napsAppId": "string",
      "securityItemNumber": "string"
    }
  ],
  "accountDetails": [
    {
      "accountNo": "string",
      "accountNsc": "string",
      "status": "string",
      "securityItemNumber": "string"
    }
  ]
}