<channel_log_entry timestamp="2025-07-15 10:30:14.876">
    <Request>
        <Log>N</Log>
        <ID>
            <version>1.0</version>
            <AppID>NBP</AppID>
            <AppName>SysTest_CAS_ROI_Current</AppName>
            <UsrID>5324654654</UsrID>
            <UnqID>88140</UnqID>
        </ID>
        <regionCode>ROI</regionCode>
        <sourceNSC>931012</sourceNSC>
        <staffNumber>88140</staffNumber>
        <deviceId></deviceId>
        <Transaction>NapsService016V2</Transaction>
        <TransactionVersion>1</TransactionVersion>
        <NapsService016V2>
            <NUMBER index="1">14024080</NUMBER>
            <USE index="1">U</USE>
        </NapsService016V2>
    </Request>
    <Response>
        <NapsService016V2>
            <Fields>
                <Field name="A0NUMBER">
                    <Value>14024080</Value>
                </Field>
                <Field name="A0APPLICATION_TYPE">
                    <Value>SB</Value>
                </Field>
                <Field name="A0ENTRY_DATE">
                    <Value>12/06/2025</Value>
                </Field>
                <Field name="A0ORIGINATING_NSC">
                    <Value>932361</Value>
                </Field>
                <Field name="A0PROCESSING_BRANCH_NSC">
                    <Value>932361</Value>
                </Field>
                <Field name="A0BOOKING_ACCOUNTS_NSC">
                    <Value>932361</Value>
                </Field>
                <Field name="A0BOOKING_ARCB">
                    <Value></Value>
                </Field>
                <Field name="A0SOURCE">
                    <Value></Value>
                </Field>
                <Field name="A0LEAD_STAFF_ID">
                    <Value>57611</Value>
                </Field>
                <Field name="A0SALES_STAFF_ID">
                    <Value>57611</Value>
                </Field>
                <Field name="A0CURRENTLY_USED_BY">
                    <Value>88140</Value>
                </Field>
                <Field name="A0CURRENT_EDIT_MODE">
                    <Value>U</Value>
                </Field>
                <Field name="A0TOTAL_CREDIT_SCORE">
                    <Value></Value>
                </Field>
                <Field name="A0SCORE_CARD_MODEL">
                    <Value></Value>
                </Field>
                <Field name="A0OPERATING_CURRENCY">
                    <Value>P</Value>
                </Field>
                <Field name="A0JOINT_APPLICATION_INDICATOR">
                    <Value>Y</Value>
                </Field>
                <Field name="A0PRODUCTS_DECISIONED_IND">
                    <Value>Y</Value>
                </Field>
                <Field name="A0CANCELLATION_REASON_CODE">
                    <Value></Value>
                </Field>
                <Field name="A0TBU_INDICATOR">
                    <Value>N</Value>
                </Field>
                <Field name="A0LETTER_SIGN_OFF_NAME">
                    <Value></Value>
                </Field>
                <Field name="A0LETTER_SIGN_OFF_TITLE">
                    <Value></Value>
                </Field>
                <Field name="A0VERIFIED_IND">
                    <Value></Value>
                </Field>
                <Field name="A0VERIFIED_BY_STAFF_ID">
                    <Value></Value>
                </Field>
                <Field name="A0CREDIT_AGREEMENT_SIGNED_IND">
                    <Value>N</Value>
                </Field>
                <Field name="A0CREDIT_AGREEMENT_SIGNED_STAFF_ID">
                    <Value></Value>
                </Field>
                <Field name="A0REQUIRES_CONFIRMATION_IND">
                    <Value>N</Value>
                </Field>
                <Field name="A0CONFIRMED_IND">
                    <Value>N</Value>
                </Field>
                <Field name="A0SIGN_AT_BRANCH_REQUESTED">
                    <Value></Value>
                </Field>
                <Field name="A0REPAYMENT_ACCOUNT_NSC">
                    <Value></Value>
                </Field>
                <Field name="A0REPAYMENT_ACCOUNT_NUMBER">
                    <Value></Value>
                </Field>
                <Field name="A0REPAYMENT_METHOD">
                    <Value>I</Value>
                </Field>
                <Field name="A0DRAWDOWN_ACCOUNT_NSC">
                    <Value></Value>
                </Field>
                <Field name="A0DRAWDOWN_ACCOUNT_NUMBER">
                    <Value></Value>
                </Field>
                <Field name="A0DRAWDOWN_METHOD">
                    <Value>I</Value>
                </Field>
                <Field name="A0CREATED_BY_STAFF_ID">
                    <Value>57611</Value>
                </Field>
                <Field name="A0LAST_UPDATED_BY_STAFF_ID">
                    <Value>88140</Value>
                </Field>
                <Field name="A0SECURITY_IND">
                    <Value>Y</Value>
                </Field>
                <Field name="A0SOURCE_APPL_NUMBER">
                    <Value></Value>
                </Field>
                <Field name="A0VALUATION_RECEIVED_FLAG">
                    <Value></Value>
                </Field>
                <Field name="A0CONDITIONS_OF_SANCTION_MET_FLAG">
                    <Value></Value>
                </Field>
                <Field name="A0CONFIRMED_BY_STAFF_ID">
                    <Value></Value>
                </Field>
                <Field name="A0SECURITY_EFFECTIVE_FLAG">
                    <Value></Value>
                </Field>
                <Field name="A0PREV_TERMS_AND_COND_MET_FLAG">
                    <Value></Value>
                </Field>
                <Field name="A0CRD_GRD_UPDT_PAST_12_MTHS_FLAG">
                    <Value></Value>
                </Field>
                <Field name="A0DECISION_STATUS">
                    <Value></Value>
                </Field>
                <Field name="A0DECISION_TYPE">
                    <Value></Value>
                </Field>
                <Field name="A0DECISION_CODE">
                    <Value></Value>
                </Field>
                <Field name="A0DECISION_MESSAGE">
                    <Value></Value>
                </Field>
                <Field name="A0OVERRIDE_DECISION_CODE">
                    <Value></Value>
                </Field>
                <Field name="A0LENDER_DECISION_CODE">
                    <Value></Value>
                </Field>
                <Field name="A0APPL_LIFECYCLE_STATUS_TYPE">
                    <Value>EN</Value>
                </Field>
                <Field name="A0BORROW_SUM_ID">
                    <Value></Value>
                </Field>
                <Field name="A0UPDATED_TS">
                    <Value>00000000000000000000</Value>
                </Field>
                <Field name="A0ApplOpenGV01">
                    <Value>2</Value>
                </Field>
                <List name="ApplOpenParticipant">
                    <ListItem>
                        <Field name="A0CREATED_TIMESTAMP1">
                            <Value>20250612143746661343</Value>
                        </Field>
                        <Field name="A0ICB_CONSENT_IND">
                            <Value>N</Value>
                        </Field>
                        <Field name="A0NAME_ADDRESS">
                            <Value>MR BRAD PITT STREET 1 DUBLIN</Value>
                        </Field>
                        <Field name="A0LAST_KNOWN_CIF_REFERENCE">
                            <Value>0100000938437104000</Value>
                        </Field>
                        <Field name="A0CIF_SEQUENCE_CODE">
                            <Value>B</Value>
                        </Field>
                        <Field name="A0PARTICIPANT_TYPE">
                            <Value>S</Value>
                        </Field>
                        <Field name="A0NEW_CUSTOMER_FLAG">
                            <Value></Value>
                        </Field>
                        <Field name="A0HIGH_NET_WORTH_FLAG">
                            <Value></Value>
                        </Field>
                        <Field name="A0DATE_OF_BIRTH">
                            <Value></Value>
                        </Field>
                        <Field name="A0EMPLOYMENT_TYPE">
                            <Value>B</Value>
                        </Field>
                        <Field name="A0EMPLOYMENT_STATUS">
                            <Value>B</Value>
                        </Field>
                        <Field name="A0HOURS_WORKED_PER_MONTH">
                            <Value>B</Value>
                        </Field>
                        <Field name="A0CONTRACT_EXPIRY_DATE">
                            <Value></Value>
                        </Field>
                        <Field name="A0MAX_TERM_ELIGIBLE_FOR_PPP">
                            <Value>0</Value>
                        </Field>
                        <Field name="A0CREATED_BY_STAFF_ID1">
                            <Value>57611</Value>
                        </Field>
                        <Field name="A0LAST_UPDATED_BY_STAFF_ID1">
                            <Value>57611</Value>
                        </Field>
                        <Field name="A0RESIDENT_IND">
                            <Value></Value>
                        </Field>
                        <Field name="A0EMPLOYED_LAST_SIX_MNTHS">
                            <Value></Value>
                        </Field>
                        <Field name="A0YEARS_WITH_EMPLOYER">
                            <Value>0</Value>
                        </Field>
                        <Field name="A0CIF_EXTRACT_FLG">
                            <Value></Value>
                        </Field>
                        <Field name="A0CUST_ICB_PERMISSION">
                            <Value></Value>
                        </Field>
                        <Field name="A0CUST_NOICB_REASON">
                            <Value></Value>
                        </Field>
                    </ListItem>
                    <ListItem>
                        <Field name="A0CREATED_TIMESTAMP1">
                            <Value>20250612143746659558</Value>
                        </Field>
                        <Field name="A0ICB_CONSENT_IND">
                            <Value>N</Value>
                        </Field>
                        <Field name="A0NAME_ADDRESS">
                            <Value>MRS BRAD PITT DUBLIN DUBLIN</Value>
                        </Field>
                        <Field name="A0LAST_KNOWN_CIF_REFERENCE">
                            <Value>0100000932437490000</Value>
                        </Field>
                        <Field name="A0CIF_SEQUENCE_CODE">
                            <Value>A</Value>
                        </Field>
                        <Field name="A0PARTICIPANT_TYPE">
                            <Value>P</Value>
                        </Field>
                        <Field name="A0NEW_CUSTOMER_FLAG">
                            <Value></Value>
                        </Field>
                        <Field name="A0HIGH_NET_WORTH_FLAG">
                            <Value></Value>
                        </Field>
                        <Field name="A0DATE_OF_BIRTH">
                            <Value></Value>
                        </Field>
                        <Field name="A0EMPLOYMENT_TYPE">
                            <Value>B</Value>
                        </Field>
                        <Field name="A0EMPLOYMENT_STATUS">
                            <Value>B</Value>
                        </Field>
                        <Field name="A0HOURS_WORKED_PER_MONTH">
                            <Value>B</Value>
                        </Field>
                        <Field name="A0CONTRACT_EXPIRY_DATE">
                            <Value></Value>
                        </Field>
                        <Field name="A0MAX_TERM_ELIGIBLE_FOR_PPP">
                            <Value>0</Value>
                        </Field>
                        <Field name="A0CREATED_BY_STAFF_ID1">
                            <Value>57611</Value>
                        </Field>
                        <Field name="A0LAST_UPDATED_BY_STAFF_ID1">
                            <Value>57611</Value>
                        </Field>
                        <Field name="A0RESIDENT_IND">
                            <Value></Value>
                        </Field>
                        <Field name="A0EMPLOYED_LAST_SIX_MNTHS">
                            <Value></Value>
                        </Field>
                        <Field name="A0YEARS_WITH_EMPLOYER">
                            <Value>0</Value>
                        </Field>
                        <Field name="A0CIF_EXTRACT_FLG">
                            <Value></Value>
                        </Field>
                        <Field name="A0CUST_ICB_PERMISSION">
                            <Value>N</Value>
                        </Field>
                        <Field name="A0CUST_NOICB_REASON">
                            <Value></Value>
                        </Field>
                    </ListItem>
                </List>
                <Field name="A0ApplOpenGV02">
                    <Value>1</Value>
                </Field>
                <List name="ApplOpenApplicationProduct">
                    <ListItem>
                        <Field name="A0CREATED_TIMESTAMP2">
                            <Value>20250612143746697855</Value>
                        </Field>
                        <Field name="A0LAST_UPDATED_TIMESTAMP">
                            <Value>20250709162711805232</Value>
                        </Field>
                        <Field name="A0PRODUCT_ACCOUNT_NSC">
                            <Value>932361</Value>
                        </Field>
                        <Field name="A0PRODUCT_ACCOUNT_NUMBER">
                            <Value></Value>
                        </Field>
                        <Field name="A0BOOKED_INDICATOR">
                            <Value></Value>
                        </Field>
                        <Field name="A0TOTAL_DRAWDOWN_AMOUNT">
                            <Value>2313.00</Value>
                        </Field>
                        <Field name="A0TERM">
                            <Value>13</Value>
                        </Field>
                        <Field name="A0INT_RATE">
                            <Value>2.240</Value>
                        </Field>
                        <Field name="A0INTEREST_RATE_ADJUSTMENT_SIGN">
                            <Value>P</Value>
                        </Field>
                        <Field name="A0INTEREST_RATE_ADJUSTMENT">
                            <Value>1.000</Value>
                        </Field>
                        <Field name="A0DEFAULT_REPAYMENT_AMOUNT">
                            <Value>262.62</Value>
                        </Field>
                        <Field name="A0REPAY_FREQUENCY_TYPE_CODE">
                            <Value>M</Value>
                        </Field>
                        <Field name="A0FIRST_REPAYMENT_DATE">
                            <Value>11/11/2025</Value>
                        </Field>
                        <Field name="A0TOP_UP_INDICATOR">
                            <Value>N</Value>
                        </Field>
                        <Field name="A0ADDITIONAL_FUNDS_ADVANCED">
                            <Value></Value>
                        </Field>
                        <Field name="A0EXPIRY_DATE">
                            <Value>13/07/2026</Value>
                        </Field>
                        <Field name="A0TEMPORARY_LIMIT">
                            <Value>0.00</Value>
                        </Field>
                        <Field name="A0TEMPORARY_LIMIT_EXPIRY_DATE">
                            <Value></Value>
                        </Field>
                        <Field name="A0PPRT_PPP_REJECT_REASON_TYPE_CODE">
                            <Value></Value>
                        </Field>
                        <Field name="A0REPAY_EXCEPTION_TYPE">
                            <Value>NON</Value>
                        </Field>
                        <Field name="A0CHARGE_FEE_INDICATOR">
                            <Value>N</Value>
                        </Field>
                        <Field name="A0BOOKED_TIMESTAMP">
                            <Value>00000000000000000000</Value>
                        </Field>
                        <Field name="A0OTHER_FEE_AMOUNT">
                            <Value>0.00</Value>
                        </Field>
                        <Field name="A0CARD_REQUESTED">
                            <Value>N</Value>
                        </Field>
                        <Field name="A0DRAWDOWN_TYPE_IND">
                            <Value>S</Value>
                        </Field>
                        <Field name="A0ACCOUNT_LIMIT">
                            <Value>2313.00</Value>
                        </Field>
                        <Field name="A0TOTAL_REPAYMENT_AMOUNT">
                            <Value>2363.58</Value>
                        </Field>
                        <Field name="A0COST_OF_CREDIT">
                            <Value>50.58</Value>
                        </Field>
                        <Field name="A0CREDIT_SCORE">
                            <Value></Value>
                        </Field>
                        <Field name="A0FINAL_BULLET_REPAYMENT_AMOUNT">
                            <Value>0.00</Value>
                        </Field>
                        <Field name="A0APR">
                            <Value>3.280</Value>
                        </Field>
                        <Field name="A0MAINTENANCE_CHARGE">
                            <Value>0.00</Value>
                        </Field>
                        <Field name="A0ARRANGEMENT_FEE">
                            <Value>0.00</Value>
                        </Field>
                        <Field name="A0FEE_AMOUNT">
                            <Value>0.00</Value>
                        </Field>
                        <Field name="A0NUMBER_OF_REPAYMENTS">
                            <Value>9</Value>
                        </Field>
                        <Field name="A0PPP_TYPE_CODE">
                            <Value>N</Value>
                        </Field>
                        <Field name="A0PPP_PREMIUM">
                            <Value>0.00</Value>
                        </Field>
                        <Field name="A0PPP_PREMIUM_PER_REPAYMENT">
                            <Value>0.00</Value>
                        </Field>
                        <Field name="A0MONTHLY_BENEFIT_FOR_PPP">
                            <Value>0.00</Value>
                        </Field>
                        <Field name="A0COST_OF_BORROWING_PPP">
                            <Value>0.00</Value>
                        </Field>
                        <Field name="A0LAST_CALCULATION_DATE">
                            <Value>23/06/2025</Value>
                        </Field>
                        <Field name="A0CREATED_BY_STAFF_ID2">
                            <Value>57611</Value>
                        </Field>
                        <Field name="A0LAST_UPDATED_BY_STAFF_ID2">
                            <Value>86070</Value>
                        </Field>
                        <Field name="A0RETAIN_MODUS_COUNTER_FLAG">
                            <Value>N</Value>
                        </Field>
                        <Field name="A0PPP_APPLICANT_AVAIL_IND">
                            <Value></Value>
                        </Field>
                        <Field name="A0MONTHLY_PPP_IND">
                            <Value>N</Value>
                        </Field>
                        <Field name="A0PRODUCT_CODE">
                            <Value>55024</Value>
                        </Field>
                        <Field name="A0LONG_DESCRIPTION">
                            <Value>BASE LENDING RATE LOAN - 55024</Value>
                        </Field>
                        <Field name="A0PURPOSE_CODE">
                            <Value>TX</Value>
                        </Field>
                        <Field name="A0DESCRIPTION">
                            <Value>TAX</Value>
                        </Field>
                    </ListItem>
                </List>
                <Field name="A0ApplOpenGV03">
                    <Value>1</Value>
                </Field>
                <List name="ApplOpenApplicationTransaction">
                    <ListItem>
                        <Field name="A0CREATED_TIMESTAMP3">
                            <Value>20250612143746697855</Value>
                        </Field>
                        <Field name="A0APPLICATION_TRANSACTION_TYPE">
                            <Value>D</Value>
                        </Field>
                        <Field name="A0DATE">
                            <Value>11/07/2025</Value>
                        </Field>
                        <Field name="A0AMOUNT">
                            <Value>2313.00</Value>
                        </Field>
                        <Field name="A0MORATORIUM_END_DATE">
                            <Value></Value>
                        </Field>
                    </ListItem>
                </List>
                <Field name="A0REPAYMENT_BIC">
                    <Value></Value>
                </Field>
                <Field name="A0REPAYMENT_IBAN">
                    <Value></Value>
                </Field>
                <Field name="A0NAME">
                    <Value>MRS BRAD PITT</Value>
                </Field>
                <Field name="A0ApplSepaMandate">
                    <Value>1</Value>
                </Field>
                <List name="ApplSepaMandateData">
                    <ListItem>
                        <Field name="A0UMR">
                            <Value></Value>
                        </Field>
                        <Field name="A0DATE_MANDATE_SIGN">
                            <Value></Value>
                        </Field>
                    </ListItem>
                </List>
                <Field name="A0TOTAL_SIGNATORIES">
                    <Value>00</Value>
                </Field>
                <Field name="A0ONLINE_REFER_FLAG">
                    <Value></Value>
                </Field>
                <Field name="A0ACK_LETTER_REQUIRED">
                    <Value></Value>
                </Field>
                <Field name="A0ACK_REASON">
                    <Value>NODSK</Value>
                </Field>
                <Field name="A0ACK_DATE_DISPATCHED">
                    <Value></Value>
                </Field>
                <Field name="A0ACK_CREATED_STAFF_ID">
                    <Value>57611</Value>
                </Field>
                <Field name="A0ACK_CREATED_TIMESTAMP">
                    <Value>20250623094008524585</Value>
                </Field>
                <Field name="A0ACK_ANSWERED">
                    <Value>Y</Value>
                </Field>
                <Field name="A0ACK_DATE_PROPOSED">
                    <Value></Value>
                </Field>
                <Field name="A0ACK_DATE_CANCELLED">
                    <Value></Value>
                </Field>
                <Field name="A0ACK_LAST_UPDATED_STAFF_ID">
                    <Value></Value>
                </Field>
                <Field name="A0ACK_LAST_UPDATED_TIMESTAMP">
                    <Value>00000000000000000000</Value>
                </Field>
                <Field name="A0ALT_ARRANGE_FLAG">
                    <Value></Value>
                </Field>
                <Field name="A0FIN_DIFFICULTIES_REV_FLAG">
                    <Value></Value>
                </Field>
                <Field name="A0CCV_ID">
                    <Value></Value>
                </Field>
                <Field name="A0CCV_NAME">
                    <Value></Value>
                </Field>
                <Field name="BUSINESS_UNIT">
                    <Value>13</Value>
                </Field>
            </Fields>
        </NapsService016V2>
    </Response>
</channel_log_entry>
