<channel_log_entry timestamp="2025-07-29 10:16:39.286">
    <Request>
        <Log>N</Log>
        <ID>
            <version>1.0</version>
            <AppID>NBP</AppID>
            <AppName>SysTest_CAS_ROI_Current</AppName>
            <UsrID>5324654654</UsrID>
            <UnqID>88140</UnqID>
        </ID>
        <regionCode>ROI</regionCode>
        <sourceNSC>931012</sourceNSC>
        <staffNumber>88140</staffNumber>
        <deviceId></deviceId>
        <Transaction>SecuritiesService039</Transaction>
        <TransactionVersion>1</TransactionVersion>
        <SecuritiesService039>
            <servType500>C</servType500>
            <source500>NAPS</source500>
            <ITEM_NUMBER index="1"></ITEM_NUMBER>
            <VL_REGISTERED_OWNER index="1"></VL_REGISTERED_OWNER>
            <CURRENT_STATUS index="1">OTLA</CURRENT_STATUS>
            <SECURITY_TYPE index="1">MISCELL</SECURITY_TYPE>
            <HOLDING_NSC index="1"></HOLDING_NSC>
            <SECURITY_LOCATION index="1"></SECURITY_LOCATION>
            <STAMPED_TYPE index="1"></STAMPED_TYPE>
            <STAMPING_REQUIRED index="1"></STAMPING_REQUIRED>
            <STAMPING_REQUIRED_DATE index="1"></STAMPING_REQUIRED_DATE>
            <STAMPED_AMOUNT index="1"></STAMPED_AMOUNT>
            <STAMPING_CURRENCY index="1"></STAMPING_CURRENCY>
            <STAMPED_DATE index="1"></STAMPED_DATE>
            <ADDITIONAL_STAMPING_REQUIRED index="1"></ADDITIONAL_STAMPING_REQUIRED>
            <ADDITIONAL_STAMPING_DATE index="1"></ADDITIONAL_STAMPING_DATE>
            <ADDITIONAL_STAMPING_AMT index="1"></ADDITIONAL_STAMPING_AMT>
            <ADDITIONAL_STAMPING_CURRENCY index="1"></ADDITIONAL_STAMPING_CURRENCY>
            <STAMP_UP_DATE index="1"></STAMP_UP_DATE>
            <ADDITIONAL_STAMPING_TYPE index="1"></ADDITIONAL_STAMPING_TYPE>
            <STAMPING_STATUS index="1"></STAMPING_STATUS>
            <SLA_CODE index="1"></SLA_CODE>
            <CURRENCY_TYPE index="1"></CURRENCY_TYPE>
            <CO_OFFICE_SENT_FOR_REG_DATE index="1"></CO_OFFICE_SENT_FOR_REG_DATE>
            <CO_OFFICE_REGISTERED_DATE index="1"></CO_OFFICE_REGISTERED_DATE>
            <RELEASE_DATE index="1"></RELEASE_DATE>
            <RESTRICTIONS_FACILITY_ACC_TYPE index="1"></RESTRICTIONS_FACILITY_ACC_TYPE>
            <RESTRICTIONS_FACILITY_AMOUNT index="1"></RESTRICTIONS_FACILITY_AMOUNT>
            <RESTRICTIONS_FACILITY_CURR index="1"></RESTRICTIONS_FACILITY_CURR>
            <REST_INSURANCE_CO_CONTACT_NAME index="1"></REST_INSURANCE_CO_CONTACT_NAME>
            <RESTRICTIONS_INSURANCE_ID index="1"></RESTRICTIONS_INSURANCE_ID>
            <RESTRICTIONS_POLICY_NUMBER index="1"></RESTRICTIONS_POLICY_NUMBER>
            <RESTRICTIONS_PROPERTY_ADDRESS index="1"></RESTRICTIONS_PROPERTY_ADDRESS>
            <RESTRICTIONS_DETAILS index="1"></RESTRICTIONS_DETAILS>
            <RESTRICTIONS_CEILING_ALLSUMS_AMT index="1"></RESTRICTIONS_CEILING_ALLSUMS_AMT>
            <RESTRICTIONS_CEILING_ALLSUM_CURR index="1"></RESTRICTIONS_CEILING_ALLSUM_CURR>
            <SOLR_FILE_REF_NO index="1"></SOLR_FILE_REF_NO>
            <POS_NOTES index="1">0</POS_NOTES>
            <SO_NOTES index="1"></SO_NOTES>
            <COMPANY_INDICATOR index="1">2</COMPANY_INDICATOR>
            <LAST_UPDATED_TIMESTAMP index="1">20031203105100482038</LAST_UPDATED_TIMESTAMP>
            <LAST_UPDATED_BY index="1"></LAST_UPDATED_BY>
            <CREATED_TIMESTAMP index="1"></CREATED_TIMESTAMP>
            <CREATED_BY index="1"></CREATED_BY>
            <SET_DATE index="1"></SET_DATE>
            <BARCODE_NUMBER index="1"></BARCODE_NUMBER>
            <VALUATION_AMOUNT index="1">7000</VALUATION_AMOUNT>
            <VALUATION_CURRENCY index="1">EUR</VALUATION_CURRENCY>
            <VALUATION_DATE index="1">29/07/2025</VALUATION_DATE>
            <VALUATION_BY index="1">LEND</VALUATION_BY>
            <SOLR_CODE index="1"></SOLR_CODE>
            <SOLICITOR_COMPANY_NAME index="1"></SOLICITOR_COMPANY_NAME>
            <NAPS_APP_ID index="1">14024080</NAPS_APP_ID>
            <MISC_LETTER_DATE index="1"></MISC_LETTER_DATE>
            <MISC_SECURITY_AMOUNT index="1"></MISC_SECURITY_AMOUNT>
            <MISCELLANEOUS_TYPE index="1">CRED</MISCELLANEOUS_TYPE>
            <MISCELL_EXPIRY_DATE index="1"></MISCELL_EXPIRY_DATE>
            <VL_MISC_DESCRIPTION index="1">xyz</VL_MISC_DESCRIPTION>
            <MISC_CANCELLATION_NOTICE_PERIOD index="1"></MISC_CANCELLATION_NOTICE_PERIOD>
            <MISC_LAST_UPDATED_TIMESTAMP index="1"></MISC_LAST_UPDATED_TIMESTAMP>
            <PARENT_GUARANTEE_ITEM index="1"></PARENT_GUARANTEE_ITEM>
            <BENOWN_INV_GROUP>2</BENOWN_INV_GROUP>
            <BenOwnInvGroup>
                <listitem index="0">
                    <BENOWN_INV_COMPANY_INDICATOR index="0"> </BENOWN_INV_COMPANY_INDICATOR>
                    <BENOWN_RELATIONSHIP_QUALITY_CODE index="0"> </BENOWN_RELATIONSHIP_QUALITY_CODE>
                    <BENOWN_HELD_ON_CIF_INDICATOR index="0">Y</BENOWN_HELD_ON_CIF_INDICATOR>
                    <BENOWN_INVOLVEMENT_TYPE index="0">SECUR</BENOWN_INVOLVEMENT_TYPE>
                    <BENOWN_INVOLVEMENT_ROLE index="0">BENEFJOIN </BENOWN_INVOLVEMENT_ROLE>
                    <BENOWN_CIF_REF_NUMBER index="0">0100000932437490000</BENOWN_CIF_REF_NUMBER>
                    <BENOWN_COMPANY_ID index="0">000000000000000</BENOWN_COMPANY_ID>
                </listitem>
                <listitem index="1">
                    <BENOWN_INV_COMPANY_INDICATOR index="1"> </BENOWN_INV_COMPANY_INDICATOR>
                    <BENOWN_RELATIONSHIP_QUALITY_CODE index="1"> </BENOWN_RELATIONSHIP_QUALITY_CODE>
                    <BENOWN_HELD_ON_CIF_INDICATOR index="1">Y</BENOWN_HELD_ON_CIF_INDICATOR>
                    <BENOWN_INVOLVEMENT_TYPE index="1">SECUR</BENOWN_INVOLVEMENT_TYPE>
                    <BENOWN_INVOLVEMENT_ROLE index="1">BENEFJOIN </BENOWN_INVOLVEMENT_ROLE>
                    <BENOWN_CIF_REF_NUMBER index="1">0100000938437104000</BENOWN_CIF_REF_NUMBER>
                    <BENOWN_COMPANY_ID index="1">000000000000000</BENOWN_COMPANY_ID>
                </listitem>
            </BenOwnInvGroup>
            <BORROWCUST_INV_GROUP>2</BORROWCUST_INV_GROUP>
            <BorrowCustInvGroup>
                <listitem index="0">
                    <BORROWCUST_INV_COMPANY_INDICATOR index="0"> </BORROWCUST_INV_COMPANY_INDICATOR>
                    <BORROWCUST_RELATIONSHIP_QUALITY_CODE index="0"> </BORROWCUST_RELATIONSHIP_QUALITY_CODE>
                    <BORROWCUST_HELD_ON_CIF_INDICATOR index="0">Y</BORROWCUST_HELD_ON_CIF_INDICATOR>
                    <BORROWCUST_INVOLVEMENT_TYPE index="0">SECUR</BORROWCUST_INVOLVEMENT_TYPE>
                    <BORROWCUST_INVOLVEMENT_ROLE index="0">BORROWJOIN</BORROWCUST_INVOLVEMENT_ROLE>
                    <BORROWCUST_CIF_REF_NUMBER index="0">0100000932437490000</BORROWCUST_CIF_REF_NUMBER>
                    <BORROWCUST_COMPANY_ID index="0">000000000000000</BORROWCUST_COMPANY_ID>
                </listitem>
                <listitem index="1">
                    <BORROWCUST_INV_COMPANY_INDICATOR index="1"> </BORROWCUST_INV_COMPANY_INDICATOR>
                    <BORROWCUST_RELATIONSHIP_QUALITY_CODE index="1"> </BORROWCUST_RELATIONSHIP_QUALITY_CODE>
                    <BORROWCUST_HELD_ON_CIF_INDICATOR index="1">Y</BORROWCUST_HELD_ON_CIF_INDICATOR>
                    <BORROWCUST_INVOLVEMENT_TYPE index="1">SECUR</BORROWCUST_INVOLVEMENT_TYPE>
                    <BORROWCUST_INVOLVEMENT_ROLE index="1">BORROWJOIN</BORROWCUST_INVOLVEMENT_ROLE>
                    <BORROWCUST_CIF_REF_NUMBER index="1">0100000938437104000</BORROWCUST_CIF_REF_NUMBER>
                    <BORROWCUST_COMPANY_ID index="1">000000000000000</BORROWCUST_COMPANY_ID>
                </listitem>
            </BorrowCustInvGroup>
            <SIGNEDBY_INV_GROUP>1</SIGNEDBY_INV_GROUP>
            <SignedByInvGroup>
                <listitem index="0">
                    <SIGNEDBY_INV_COMPANY_INDICATOR index="0"> </SIGNEDBY_INV_COMPANY_INDICATOR>
                    <SIGNEDBY_RELATIONSHIP_QUALITY_CODE index="0"> </SIGNEDBY_RELATIONSHIP_QUALITY_CODE>
                    <SIGNEDBY_HELD_ON_CIF_INDICATOR index="0">Y</SIGNEDBY_HELD_ON_CIF_INDICATOR>
                    <SIGNEDBY_INVOLVEMENT_TYPE index="0">SECUR</SIGNEDBY_INVOLVEMENT_TYPE>
                    <SIGNEDBY_INVOLVEMENT_ROLE index="0">SIGNEDSOLE</SIGNEDBY_INVOLVEMENT_ROLE>
                    <SIGNEDBY_CIF_REF_NUMBER index="0">0100000931530161000</SIGNEDBY_CIF_REF_NUMBER>
                    <SIGNEDBY_COMPANY_ID index="0">000000000000000</SIGNEDBY_COMPANY_ID>
                </listitem>
            </SignedByInvGroup>
            <COMPANY_INV_GROUP>0</COMPANY_INV_GROUP>
            <CompanyInvGroup></CompanyInvGroup>
            <NAPS_GROUP>0</NAPS_GROUP>
            <ApplicationIDList001></ApplicationIDList001>
        </SecuritiesService039>
    </Request>
    <Response>
        <SecuritiesService>039</SecuritiesService>
        <source500>NAPS</source500>
        <servType500>C</servType500>
        <SecuritiesService039>
            <errorNode>
                <errorCode>1</errorCode>
                <errorMsg></errorMsg>
                <errorSev/>
                <errorSource>Securities</errorSource>
            </errorNode>
            <Fields>
                <Field name="A0LAST_UPDATED_TIMESTAMP">
                    <Value>20250729101639071280</Value>
                </Field>
                <Field name="A0ITEM_NUMBER_RESP">
                    <Value>68435573</Value>
                </Field>
                <Field name="A0INVOLVEMENT_GROUP_RESP">
                    <Value>5</Value>
                </Field>
                <List name="InvolvmentListResp039">
                    <ListItem>
                        <Field name="A0INVOLVEMENT_NUMBER">
                            <Value>10085778</Value>
                        </Field>
                    </ListItem>
                    <ListItem>
                        <Field name="A0INVOLVEMENT_NUMBER">
                            <Value>39325464</Value>
                        </Field>
                    </ListItem>
                    <ListItem>
                        <Field name="A0INVOLVEMENT_NUMBER">
                            <Value>72322871</Value>
                        </Field>
                    </ListItem>
                    <ListItem>
                        <Field name="A0INVOLVEMENT_NUMBER">
                            <Value>65671559</Value>
                        </Field>
                    </ListItem>
                    <ListItem>
                        <Field name="A0INVOLVEMENT_NUMBER">
                            <Value>73481378</Value>
                        </Field>
                    </ListItem>
                </List>
            </Fields>
        </SecuritiesService039>
    </Response>
</channel_log_entry>
