<channel_log_entry timestamp="2025-07-28 11:18:30.243">
    <Request>
        <Log>N</Log>
        <ID>
            <version>1.0</version>
            <AppID>NBP</AppID>
            <AppName>SysTest_CAS_ROI_Current</AppName>
            <UsrID>5324654654</UsrID>
            <UnqID>57611</UnqID>
        </ID>
        <regionCode>ROI</regionCode>
        <sourceNSC>932361</sourceNSC>
        <staffNumber>57611</staffNumber>
        <deviceId></deviceId>
        <Transaction>SecuritiesService001</Transaction>
        <TransactionVersion>1</TransactionVersion>
        <SecuritiesService001>
            <servType500>RS</servType500>
            <source500>NAPS</source500>
            <ITEM_NUMBER index="1">61175051</ITEM_NUMBER>
        </SecuritiesService001>
    </Request>
    <Response>
        <SecuritiesService>001</SecuritiesService>
        <source500>NAPS</source500>
        <servType500>RS</servType500>
        <SecuritiesService001>
            <errorNode>
                <errorCode>1</errorCode>
                <errorMsg></errorMsg>
                <errorSev/>
                <errorSource>Securities</errorSource>
            </errorNode>
            <Fields>
                <Field name="A0ITEM_NUMBER">
                    <Value>61175051</Value>
                </Field>
                <Field name="A0VL_REGISTERED_OWNER">
                    <Value></Value>
                </Field>
                <Field name="A0CURRENT_STATUS">
                    <Value>OTLA</Value>
                </Field>
                <Field name="A0SECURITY_TYPE">
                    <Value>LIFE POL</Value>
                </Field>
                <Field name="A0HOLDING_NSC">
                    <Value></Value>
                </Field>
                <Field name="A0SECURITY_LOCATION">
                    <Value></Value>
                </Field>
                <Field name="A0STAMPED_TYPE">
                    <Value></Value>
                </Field>
                <Field name="A0STAMPING_REQUIRED">
                    <Value></Value>
                </Field>
                <Field name="A0STAMPING_REQUIRED_DATE">
                    <Value>0</Value>
                </Field>
                <Field name="A0STAMPED_AMOUNT">
                    <Value>0</Value>
                </Field>
                <Field name="A0STAMPING_CURRENCY">
                    <Value></Value>
                </Field>
                <Field name="A0STAMPED_DATE">
                    <Value>0</Value>
                </Field>
                <Field name="A0ADDITIONAL_STAMPING_REQUIRED">
                    <Value></Value>
                </Field>
                <Field name="A0ADDITIONAL_STAMPING_DATE">
                    <Value>0</Value>
                </Field>
                <Field name="A0ADDITIONAL_STAMPING_AMT">
                    <Value>0</Value>
                </Field>
                <Field name="A0ADDITIONAL_STAMPING_CURRENCY">
                    <Value></Value>
                </Field>
                <Field name="A0STAMP_UP_DATE">
                    <Value>0</Value>
                </Field>
                <Field name="A0ADDITIONAL_STAMPING_TYPE">
                    <Value></Value>
                </Field>
                <Field name="A0STAMPING_STATUS">
                    <Value></Value>
                </Field>
                <Field name="A0SLA_CODE">
                    <Value>N0</Value>
                </Field>
                <Field name="A0CURRENCY_TYPE">
                    <Value>EUR</Value>
                </Field>
                <Field name="A0CO_OFFICE_SENT_FOR_REG_DATE">
                    <Value>0</Value>
                </Field>
                <Field name="A0CO_OFFICE_REGISTERED_DATE">
                    <Value>0</Value>
                </Field>
                <Field name="A0RELEASE_DATE">
                    <Value>0</Value>
                </Field>
                <Field name="A0RESTRICTIONS_FACILITY_ACC_TYPE">
                    <Value></Value>
                </Field>
                <Field name="A0RESTRICTIONS_FACILITY_AMOUNT">
                    <Value>0</Value>
                </Field>
                <Field name="A0RESTRICTIONS_FACILITY_CURR">
                    <Value></Value>
                </Field>
                <Field name="A0REST_INSURANCE_CO_CONTACT_NAME">
                    <Value></Value>
                </Field>
                <Field name="A0RESTRICTIONS_INSURANCE_ID">
                    <Value></Value>
                </Field>
                <Field name="A0RESTRICTIONS_POLICY_NUMBER">
                    <Value></Value>
                </Field>
                <Field name="A0RESTRICTIONS_PROPERTY_ADDRESS">
                    <Value></Value>
                </Field>
                <Field name="A0RESTRICTIONS_DETAILS">
                    <Value></Value>
                </Field>
                <Field name="A0RESTRICTIONS_CEILING_ALLSUMS_AMT">
                    <Value>0</Value>
                </Field>
                <Field name="A0RESTRICTIONS_CEILING_ALLSUM_CURR">
                    <Value></Value>
                </Field>
                <Field name="A0POS_NOTES">
                    <Value>0</Value>
                </Field>
                <Field name="A0SO_NOTES">
                    <Value></Value>
                </Field>
                <Field name="A0COMPANY_INDICATOR">
                    <Value></Value>
                </Field>
                <Field name="A0LAST_UPDATED_TIMESTAMP">
                    <Value>20250728111655252972</Value>
                </Field>
                <Field name="A0LAST_UPDATED_BY">
                    <Value>57611</Value>
                </Field>
                <Field name="A0CREATED_TIMESTAMP">
                    <Value>20250728111655252939</Value>
                </Field>
                <Field name="A0CREATED_BY">
                    <Value>57611</Value>
                </Field>
                <Field name="A0SOLR_CODE">
                    <Value></Value>
                </Field>
                <Field name="A0SOLR_C0_NAME">
                    <Value></Value>
                </Field>
                <Field name="A0SOLR_FILE_REF_NO">
                    <Value></Value>
                </Field>
                <Field name="A0BARCODE_NUMBER">
                    <Value>0</Value>
                </Field>
                <Field name="A0LENDER_CODE">
                    <Value>LOUT</Value>
                </Field>
                <Field name="A0NAPS_APP_ID">
                    <Value>14024080</Value>
                </Field>
                <Field name="A0AGGREGATE_LOAN_AMOUNT">
                    <Value>0.00</Value>
                </Field>
                <Field name="A0VALUATION_DATE">
                    <Value>10/08/2024</Value>
                </Field>
                <Field name="A0VALUATION_CURRENCY">
                    <Value>EUR</Value>
                </Field>
                <Field name="A0VALUATION_AMOUNT">
                    <Value>2222.00</Value>
                </Field>
                <Field name="A0VALUATION_BY">
                    <Value>CUST</Value>
                </Field>
                <Field name="A0STATUS_NAME">
                    <Value>OTLA</Value>
                </Field>
                <Field name="A0SET_DATE">
                    <Value>28/07/2025</Value>
                </Field>
                <Field name="A0SOLICITOR_CODE">
                    <Value></Value>
                </Field>
                <Field name="A0SOLICITOR_COMPANY_NAME">
                    <Value></Value>
                </Field>
                <Field name="A0ASSURANCE_CO_CODE">
                    <Value>1001</Value>
                </Field>
                <Field name="A0ASSURANCE_CO_NAME">
                    <Value>Acorn Life</Value>
                </Field>
                <Field name="A0HM_APP_ID">
                    <Value>0</Value>
                </Field>
                <Field name="A0NAPS_GROUP">
                    <Value>1</Value>
                </Field>
                <List name="ApplicationIDList001">
                    <ListItem>
                        <Field name="A0NAPS_APPLICATION_ID">
                            <Value>14024080</Value>
                        </Field>
                    </ListItem>
                </List>
                <Field name="A0BENOWN_INV_GROUP">
                    <Value>2</Value>
                </Field>
                <List name="BenOwnInvGroup">
                    <ListItem>
                        <Field name="A0BENOWN_CIF_REF_NUMBER">
                            <Value>0100000938437104000</Value>
                        </Field>
                        <Field name="A0BENOWN_INVOLVEMENT_NUMBER">
                            <Value>25675157</Value>
                        </Field>
                        <Field name="A0BENOWN_COMPANY_INDICATOR">
                            <Value></Value>
                        </Field>
                        <Field name="A0BENOWN_CIF_NAME">
                            <Value>MR BRAD PITT STREET 1 DUBLIN</Value>
                        </Field>
                        <Field name="A0BENOWN_HELD_ON_CIF_INDICATOR">
                            <Value>Y</Value>
                        </Field>
                        <Field name="A0BENOWN_INVOLVEMENT_ROLE">
                            <Value>BENEFJOIN</Value>
                        </Field>
                        <Field name="A0BENOWN_INVOLVEMENT_TYPE">
                            <Value>SECUR</Value>
                        </Field>
                    </ListItem>
                    <ListItem>
                        <Field name="A0BENOWN_CIF_REF_NUMBER">
                            <Value>0100000932437490000</Value>
                        </Field>
                        <Field name="A0BENOWN_INVOLVEMENT_NUMBER">
                            <Value>33289145</Value>
                        </Field>
                        <Field name="A0BENOWN_COMPANY_INDICATOR">
                            <Value></Value>
                        </Field>
                        <Field name="A0BENOWN_CIF_NAME">
                            <Value>MRS BRAD PITT DUBLIN DUBLIN</Value>
                        </Field>
                        <Field name="A0BENOWN_HELD_ON_CIF_INDICATOR">
                            <Value>Y</Value>
                        </Field>
                        <Field name="A0BENOWN_INVOLVEMENT_ROLE">
                            <Value>BENEFJOIN</Value>
                        </Field>
                        <Field name="A0BENOWN_INVOLVEMENT_TYPE">
                            <Value>SECUR</Value>
                        </Field>
                    </ListItem>
                </List>
                <Field name="A0BORROWCUST_INV_GROUP">
                    <Value>2</Value>
                </Field>
                <List name="BorrowCustInvGroup">
                    <ListItem>
                        <Field name="A0BORROWCUST_CIF_REF_NUMBER">
                            <Value>0100000938437104000</Value>
                        </Field>
                        <Field name="A0BORROWCUST_INVOLVEMENT_NUMBER">
                            <Value>33405622</Value>
                        </Field>
                        <Field name="A0BORROWCUST_COMPANY_INDICATOR">
                            <Value></Value>
                        </Field>
                        <Field name="A0BORROWCUST_CIF_NAME">
                            <Value>MR BRAD PITT STREET 1 DUBLIN</Value>
                        </Field>
                        <Field name="A0BORROWCUST_HELD_ON_CIF_INDICATOR">
                            <Value>Y</Value>
                        </Field>
                        <Field name="A0BORROWCUST_INVOLVEMENT_ROLE">
                            <Value>BORROWJOIN</Value>
                        </Field>
                        <Field name="A0BORROWCUST_INVOLVEMENT_TYPE">
                            <Value>SECUR</Value>
                        </Field>
                    </ListItem>
                    <ListItem>
                        <Field name="A0BORROWCUST_CIF_REF_NUMBER">
                            <Value>0100000932437490000</Value>
                        </Field>
                        <Field name="A0BORROWCUST_INVOLVEMENT_NUMBER">
                            <Value>47847341</Value>
                        </Field>
                        <Field name="A0BORROWCUST_COMPANY_INDICATOR">
                            <Value></Value>
                        </Field>
                        <Field name="A0BORROWCUST_CIF_NAME">
                            <Value>MRS BRAD PITT DUBLIN DUBLIN</Value>
                        </Field>
                        <Field name="A0BORROWCUST_HELD_ON_CIF_INDICATOR">
                            <Value>Y</Value>
                        </Field>
                        <Field name="A0BORROWCUST_INVOLVEMENT_ROLE">
                            <Value>BORROWJOIN</Value>
                        </Field>
                        <Field name="A0BORROWCUST_INVOLVEMENT_TYPE">
                            <Value>SECUR</Value>
                        </Field>
                    </ListItem>
                </List>
                <Field name="A0SIGNEDBY_INV_GROUP">
                    <Value>0</Value>
                </Field>
                <List name="SignedByInvGroup"></List>
                <Field name="A0COMPANY_INV_GROUP">
                    <Value>0</Value>
                </Field>
                <List name="CompanyInvGroup"></List>
                <Field name="A0INSURANCE_CO_CONTACT_NAME">
                    <Value></Value>
                </Field>
                <Field name="A0INSURANCE_ID">
                    <Value></Value>
                </Field>
                <Field name="A0POLICY_TYPE">
                    <Value>ENDW</Value>
                </Field>
                <Field name="A0POLICY_NUMBER">
                    <Value>3333</Value>
                </Field>
                <Field name="A0EVENT_WHEN_PAYABLE">
                    <Value></Value>
                </Field>
                <Field name="A0SUM_ASSURED">
                    <Value>2222.00</Value>
                </Field>
                <Field name="A0LIFEPOL_EXPIRY_DATE">
                    <Value>11/11/2025</Value>
                </Field>
                <Field name="A0ASSIGNMENT_DATE">
                    <Value>00/00/0000</Value>
                </Field>
                <Field name="A0ORIGINAL_POLICY_SCHEDULE">
                    <Value></Value>
                </Field>
                <Field name="A0DUPLICATE_SCHEDULE_REASON">
                    <Value></Value>
                </Field>
                <Field name="A0LIFEPOL_LAST_UPDATED_TIMESTAMP">
                    <Value>20250728111655259171</Value>
                </Field>
                <Field name="A0LIFEASSURE_INV_GROUP">
                    <Value>2</Value>
                </Field>
                <List name="LifeAssureInvGroup">
                    <ListItem>
                        <Field name="A0LIFEASSURE_CIF_REF_NUMBER">
                            <Value>0100000932437490000</Value>
                        </Field>
                        <Field name="A0LIFEASSURE_INVOLVEMENT_NUMBER">
                            <Value>10940105</Value>
                        </Field>
                        <Field name="A0LIFEASSURE_COMPANY_INDICATOR">
                            <Value></Value>
                        </Field>
                        <Field name="A0LIFEASSURE_CIF_NAME">
                            <Value>MRS BRAD PITT DUBLIN DUBLIN</Value>
                        </Field>
                        <Field name="A0LIFEASSURE_HELD_ON_CIF_INDICATOR">
                            <Value>Y</Value>
                        </Field>
                        <Field name="A0LIFEASSURE_INVOLVEMENT_ROLE">
                            <Value>LIFEASSURE</Value>
                        </Field>
                        <Field name="A0LIFEASSURE_INVOLVEMENT_TYPE">
                            <Value>SECUR</Value>
                        </Field>
                    </ListItem>
                    <ListItem>
                        <Field name="A0LIFEASSURE_CIF_REF_NUMBER">
                            <Value>0100000938437104000</Value>
                        </Field>
                        <Field name="A0LIFEASSURE_INVOLVEMENT_NUMBER">
                            <Value>76182857</Value>
                        </Field>
                        <Field name="A0LIFEASSURE_COMPANY_INDICATOR">
                            <Value></Value>
                        </Field>
                        <Field name="A0LIFEASSURE_CIF_NAME">
                            <Value>MR BRAD PITT STREET 1 DUBLIN</Value>
                        </Field>
                        <Field name="A0LIFEASSURE_HELD_ON_CIF_INDICATOR">
                            <Value>Y</Value>
                        </Field>
                        <Field name="A0LIFEASSURE_INVOLVEMENT_ROLE">
                            <Value>LIFEASSURE</Value>
                        </Field>
                        <Field name="A0LIFEASSURE_INVOLVEMENT_TYPE">
                            <Value>SECUR</Value>
                        </Field>
                    </ListItem>
                </List>
                <Field name="A0TRUSTEE_INV_GROUP">
                    <Value>0</Value>
                </Field>
                <List name="TrusteeInvGroup"></List>
            </Fields>
        </SecuritiesService001>
    </Response>
</channel_log_entry>
<channel_log_entry timestamp="2025-07-28 11:18:37.669">
    <Request>
        <Log>N</Log>
        <ID>
            <version>1.0</version>
            <AppID>NBP</AppID>
            <AppName>SysTest_CAS_ROI_Current</AppName>
            <UsrID>5324654654</UsrID>
            <UnqID>57611</UnqID>
        </ID>
        <regionCode>ROI</regionCode>
        <sourceNSC>932361</sourceNSC>
        <staffNumber>57611</staffNumber>
        <deviceId></deviceId>
        <Transaction>SecuritiesService004</Transaction>
        <TransactionVersion>1</TransactionVersion>
        <SecuritiesService004>
            <servType500>U</servType500>
            <source500>NAPS</source500>
            <ITEM_NUMBER index="1">61175051</ITEM_NUMBER>
            <VL_REGISTERED_OWNER index="1"></VL_REGISTERED_OWNER>
            <CURRENT_STATUS index="1">OTLA</CURRENT_STATUS>
            <SECURITY_TYPE index="1">LIFE POL</SECURITY_TYPE>
            <HOLDING_NSC index="1"></HOLDING_NSC>
            <SECURITY_LOCATION index="1"></SECURITY_LOCATION>
            <STAMPED_TYPE index="1"></STAMPED_TYPE>
            <STAMPING_REQUIRED index="1"></STAMPING_REQUIRED>
            <STAMPING_REQUIRED_DATE index="1">0</STAMPING_REQUIRED_DATE>
            <STAMPED_AMOUNT index="1">0</STAMPED_AMOUNT>
            <STAMPING_CURRENCY index="1"></STAMPING_CURRENCY>
            <STAMPED_DATE index="1">0</STAMPED_DATE>
            <ADDITIONAL_STAMPING_REQUIRED index="1"></ADDITIONAL_STAMPING_REQUIRED>
            <ADDITIONAL_STAMPING_DATE index="1">0</ADDITIONAL_STAMPING_DATE>
            <ADDITIONAL_STAMPING_AMT index="1">0</ADDITIONAL_STAMPING_AMT>
            <ADDITIONAL_STAMPING_CURRENCY index="1"></ADDITIONAL_STAMPING_CURRENCY>
            <STAMP_UP_DATE index="1">0</STAMP_UP_DATE>
            <ADDITIONAL_STAMPING_TYPE index="1"></ADDITIONAL_STAMPING_TYPE>
            <STAMPING_STATUS index="1"></STAMPING_STATUS>
            <SLA_CODE index="1">N0</SLA_CODE>
            <CURRENCY_TYPE index="1">EUR</CURRENCY_TYPE>
            <CO_OFFICE_SENT_FOR_REG_DATE index="1">0</CO_OFFICE_SENT_FOR_REG_DATE>
            <CO_OFFICE_REGISTERED_DATE index="1">0</CO_OFFICE_REGISTERED_DATE>
            <RELEASE_DATE index="1">0</RELEASE_DATE>
            <RESTRICTIONS_FACILITY_ACC_TYPE index="1"></RESTRICTIONS_FACILITY_ACC_TYPE>
            <RESTRICTIONS_FACILITY_AMOUNT index="1">0</RESTRICTIONS_FACILITY_AMOUNT>
            <RESTRICTIONS_FACILITY_CURR index="1"></RESTRICTIONS_FACILITY_CURR>
            <REST_INSURANCE_CO_CONTACT_NAME index="1"></REST_INSURANCE_CO_CONTACT_NAME>
            <RESTRICTIONS_INSURANCE_ID index="1"></RESTRICTIONS_INSURANCE_ID>
            <RESTRICTIONS_POLICY_NUMBER index="1"></RESTRICTIONS_POLICY_NUMBER>
            <RESTRICTIONS_PROPERTY_ADDRESS index="1"></RESTRICTIONS_PROPERTY_ADDRESS>
            <RESTRICTIONS_DETAILS index="1"></RESTRICTIONS_DETAILS>
            <RESTRICTIONS_CEILING_ALLSUMS_AMT index="1">0</RESTRICTIONS_CEILING_ALLSUMS_AMT>
            <RESTRICTIONS_CEILING_ALLSUM_CURR index="1"></RESTRICTIONS_CEILING_ALLSUM_CURR>
            <SOLR_FILE_REF_NO index="1"></SOLR_FILE_REF_NO>
            <POS_NOTES index="1">0</POS_NOTES>
            <SO_NOTES index="1"></SO_NOTES>
            <COMPANY_INDICATOR index="1"></COMPANY_INDICATOR>
            <LAST_UPDATED_TIMESTAMP index="1">20250728111655252972</LAST_UPDATED_TIMESTAMP>
            <LAST_UPDATED_BY index="1">57611</LAST_UPDATED_BY>
            <CREATED_TIMESTAMP index="1">20250728111655252939</CREATED_TIMESTAMP>
            <CREATED_BY index="1">57611</CREATED_BY>
            <SET_DATE index="1">28/07/2025</SET_DATE>
            <BARCODE_NUMBER index="1">0</BARCODE_NUMBER>
            <VALUATION_AMOUNT index="1">2222.00</VALUATION_AMOUNT>
            <VALUATION_CURRENCY index="1">EUR</VALUATION_CURRENCY>
            <VALUATION_DATE index="1">10/08/2024</VALUATION_DATE>
            <VALUATION_BY index="1">CUST</VALUATION_BY>
            <SOLICITOR_CODE index="1"></SOLICITOR_CODE>
            <ASSURANCE_CO_CODE index="1">1001</ASSURANCE_CO_CODE>
            <NAPS_APP_ID index="1">14024080</NAPS_APP_ID>
            <POLICY_TYPE index="1">ENDW</POLICY_TYPE>
            <POLICY_NUMBER index="1">3333</POLICY_NUMBER>
            <EVENT_WHEN_PAYABLE index="1"></EVENT_WHEN_PAYABLE>
            <SUM_ASSURED index="1">9999.00</SUM_ASSURED>
            <LIFEPOL_EXPIRY_DATE index="1">11/11/2025</LIFEPOL_EXPIRY_DATE>
            <ASSIGNMENT_DATE index="1">00/00/0000</ASSIGNMENT_DATE>
            <LIFEPOL_LAST_UPDATED_TIMESTAMP index="1">20250728111655259171</LIFEPOL_LAST_UPDATED_TIMESTAMP>
            <PARENT_GUARANTEE_ITEM index="1"></PARENT_GUARANTEE_ITEM>
            <BENOWN_INV_GROUP>2</BENOWN_INV_GROUP>
            <BenOwnInvGroup>
                <listitem index="0">
                    <BENOWN_INV_COMPANY_INDICATOR index="0"> </BENOWN_INV_COMPANY_INDICATOR>
                    <BENOWN_RELATIONSHIP_QUALITY_CODE index="0"> </BENOWN_RELATIONSHIP_QUALITY_CODE>
                    <BENOWN_HELD_ON_CIF_INDICATOR index="0">Y</BENOWN_HELD_ON_CIF_INDICATOR>
                    <BENOWN_INVOLVEMENT_TYPE index="0">SECUR</BENOWN_INVOLVEMENT_TYPE>
                    <BENOWN_INVOLVEMENT_ROLE index="0">BENEFJOIN </BENOWN_INVOLVEMENT_ROLE>
                    <BENOWN_CIF_REF_NUMBER index="0">0100000938437104000</BENOWN_CIF_REF_NUMBER>
                    <BENOWN_COMPANY_ID index="0">000000000000000</BENOWN_COMPANY_ID>
                </listitem>
                <listitem index="1">
                    <BENOWN_INV_COMPANY_INDICATOR index="1"> </BENOWN_INV_COMPANY_INDICATOR>
                    <BENOWN_RELATIONSHIP_QUALITY_CODE index="1"> </BENOWN_RELATIONSHIP_QUALITY_CODE>
                    <BENOWN_HELD_ON_CIF_INDICATOR index="1">Y</BENOWN_HELD_ON_CIF_INDICATOR>
                    <BENOWN_INVOLVEMENT_TYPE index="1">SECUR</BENOWN_INVOLVEMENT_TYPE>
                    <BENOWN_INVOLVEMENT_ROLE index="1">BENEFJOIN </BENOWN_INVOLVEMENT_ROLE>
                    <BENOWN_CIF_REF_NUMBER index="1">0100000932437490000</BENOWN_CIF_REF_NUMBER>
                    <BENOWN_COMPANY_ID index="1">000000000000000</BENOWN_COMPANY_ID>
                </listitem>
            </BenOwnInvGroup>
            <BORROWCUST_INV_GROUP>2</BORROWCUST_INV_GROUP>
            <BorrowCustInvGroup>
                <listitem index="0">
                    <BORROWCUST_INV_COMPANY_INDICATOR index="0"> </BORROWCUST_INV_COMPANY_INDICATOR>
                    <BORROWCUST_RELATIONSHIP_QUALITY_CODE index="0"> </BORROWCUST_RELATIONSHIP_QUALITY_CODE>
                    <BORROWCUST_HELD_ON_CIF_INDICATOR index="0">Y</BORROWCUST_HELD_ON_CIF_INDICATOR>
                    <BORROWCUST_INVOLVEMENT_TYPE index="0">SECUR</BORROWCUST_INVOLVEMENT_TYPE>
                    <BORROWCUST_INVOLVEMENT_ROLE index="0">BORROWJOIN</BORROWCUST_INVOLVEMENT_ROLE>
                    <BORROWCUST_CIF_REF_NUMBER index="0">0100000938437104000</BORROWCUST_CIF_REF_NUMBER>
                    <BORROWCUST_COMPANY_ID index="0">000000000000000</BORROWCUST_COMPANY_ID>
                </listitem>
                <listitem index="1">
                    <BORROWCUST_INV_COMPANY_INDICATOR index="1"> </BORROWCUST_INV_COMPANY_INDICATOR>
                    <BORROWCUST_RELATIONSHIP_QUALITY_CODE index="1"> </BORROWCUST_RELATIONSHIP_QUALITY_CODE>
                    <BORROWCUST_HELD_ON_CIF_INDICATOR index="1">Y</BORROWCUST_HELD_ON_CIF_INDICATOR>
                    <BORROWCUST_INVOLVEMENT_TYPE index="1">SECUR</BORROWCUST_INVOLVEMENT_TYPE>
                    <BORROWCUST_INVOLVEMENT_ROLE index="1">BORROWJOIN</BORROWCUST_INVOLVEMENT_ROLE>
                    <BORROWCUST_CIF_REF_NUMBER index="1">0100000932437490000</BORROWCUST_CIF_REF_NUMBER>
                    <BORROWCUST_COMPANY_ID index="1">000000000000000</BORROWCUST_COMPANY_ID>
                </listitem>
            </BorrowCustInvGroup>
            <SIGNEDBY_INV_GROUP>0</SIGNEDBY_INV_GROUP>
            <SignedByInvGroup></SignedByInvGroup>
            <COMPANY_INV_GROUP>0</COMPANY_INV_GROUP>
            <CompanyInvGroup></CompanyInvGroup>
            <LIFEASSURE_INV_GROUP>2</LIFEASSURE_INV_GROUP>
            <LifeAssureInvGroup>
                <listitem index="0">
                    <LIFEASSURE_INV_COMPANY_INDICATOR index="0"> </LIFEASSURE_INV_COMPANY_INDICATOR>
                    <LIFEASSURE_RELATIONSHIP_QUALITY_CODE index="0"> </LIFEASSURE_RELATIONSHIP_QUALITY_CODE>
                    <LIFEASSURE_HELD_ON_CIF_INDICATOR index="0">Y</LIFEASSURE_HELD_ON_CIF_INDICATOR>
                    <LIFEASSURE_INVOLVEMENT_TYPE index="0">SECUR</LIFEASSURE_INVOLVEMENT_TYPE>
                    <LIFEASSURE_INVOLVEMENT_ROLE index="0">LIFEASSURE</LIFEASSURE_INVOLVEMENT_ROLE>
                    <LIFEASSURE_CIF_REF_NUMBER index="0">0100000932437490000</LIFEASSURE_CIF_REF_NUMBER>
                    <LIFEASSURE_COMPANY_ID index="0">000000000000000</LIFEASSURE_COMPANY_ID>
                </listitem>
                <listitem index="1">
                    <LIFEASSURE_INV_COMPANY_INDICATOR index="1"> </LIFEASSURE_INV_COMPANY_INDICATOR>
                    <LIFEASSURE_RELATIONSHIP_QUALITY_CODE index="1"> </LIFEASSURE_RELATIONSHIP_QUALITY_CODE>
                    <LIFEASSURE_HELD_ON_CIF_INDICATOR index="1">Y</LIFEASSURE_HELD_ON_CIF_INDICATOR>
                    <LIFEASSURE_INVOLVEMENT_TYPE index="1">SECUR</LIFEASSURE_INVOLVEMENT_TYPE>
                    <LIFEASSURE_INVOLVEMENT_ROLE index="1">LIFEASSURE</LIFEASSURE_INVOLVEMENT_ROLE>
                    <LIFEASSURE_CIF_REF_NUMBER index="1">0100000938437104000</LIFEASSURE_CIF_REF_NUMBER>
                    <LIFEASSURE_COMPANY_ID index="1">000000000000000</LIFEASSURE_COMPANY_ID>
                </listitem>
            </LifeAssureInvGroup>
            <TRUSTEE_INV_GROUP>0</TRUSTEE_INV_GROUP>
            <TrusteeInvGroup></TrusteeInvGroup>
            <NAPS_GROUP>0</NAPS_GROUP>
            <ApplicationIDList001></ApplicationIDList001>
        </SecuritiesService004>
    </Request>
    <Response>
        <SecuritiesService>004</SecuritiesService>
        <source500>NAPS</source500>
        <servType500>U</servType500>
        <SecuritiesService004>
            <errorNode>
                <errorCode>1</errorCode>
                <errorMsg></errorMsg>
                <errorSev/>
                <errorSource>Securities</errorSource>
            </errorNode>
            <Fields>
                <Field name="A0LAST_UPDATED_TIMESTAMP_RESP">
                    <Value>20250728111837590900</Value>
                </Field>
            </Fields>
        </SecuritiesService004>
    </Response>
</channel_log_entry
