<channel_log_entry timestamp="2025-07-17 09:22:13.924">
    <Request>
        <Log>N</Log>
        <ID>
            <version>1.0</version>
            <AppID>NBP</AppID>
            <AppName>SysTest_CAS_ROI_Current</AppName>
            <UsrID>5324654654</UsrID>
            <UnqID>88140</UnqID>
        </ID>
        <regionCode>ROI</regionCode>
        <sourceNSC>931012</sourceNSC>
        <staffNumber>88140</staffNumber>
        <deviceId></deviceId>
        <Transaction>SecuritiesService055</Transaction>
        <TransactionVersion>1</TransactionVersion>
        <SecuritiesService055>
            <servType500>RS</servType500>
            <source500>NAPS</source500>
            <NAPS_APP_ID index="1">14024080</NAPS_APP_ID>
            <CUSTOMER_GROUP>2</CUSTOMER_GROUP>
            <SecuritySummaryList055>
                <listitem index="0">
                    <CIF_KEY index="0">0100000932437490000</CIF_KEY>
                </listitem>
                <listitem index="1">
                    <CIF_KEY index="1">0100000938437104000</CIF_KEY>
                </listitem>
            </SecuritySummaryList055>
        </SecuritiesService055>
    </Request>
    <Response>
        <SecuritiesService>055</SecuritiesService>
        <source500>NAPS</source500>
        <servType500>RS</servType500>
        <SecuritiesService055>
            <errorNode>
                <errorCode>1</errorCode>
                <errorMsg></errorMsg>
                <errorSev/>
                <errorSource>Securities</errorSource>
            </errorNode>
            <Fields>
                <Field name="A0NAPS_APP_ID">
                    <Value>14024080</Value>
                </Field>
                <Field name="A0REPLY_CUSTOMER_GROUP">
                    <Value>2</Value>
                </Field>
                <List name="customerGroup055">
                    <ListItem>
                        <Field name="A0CIF_REF_NUMBER">
                            <Value>0100000932437490000</Value>
                        </Field>
                        <Field name="A0CIF_REF_NAME">
                            <Value>MRS BRAD PITT DUBLIN DUBLIN</Value>
                        </Field>
                    </ListItem>
                    <ListItem>
                        <Field name="A0CIF_REF_NUMBER">
                            <Value>0100000938437104000</Value>
                        </Field>
                        <Field name="A0CIF_REF_NAME">
                            <Value>MR BRAD PITT STREET 1 DUBLIN</Value>
                        </Field>
                    </ListItem>
                </List>
                <Field name="A0ATTACHED_SECURITY_ITEM_GROUP">
                    <Value>1</Value>
                </Field>
                <List name="SecurityItemListAttached055">
                    <ListItem>
                        <Field name="A0ATT_ITEM_NUMBER">
                            <Value>83880584</Value>
                        </Field>
                        <Field name="A0ATT_SECURITY_DATE">
                            <Value>00/00/0000</Value>
                        </Field>
                        <Field name="A0ATT_SECURITY_TYPE">
                            <Value>UNDERTAKE</Value>
                        </Field>
                        <Field name="A0ATT_PROPERTY_TYPE">
                            <Value>6</Value>
                        </Field>
                        <Field name="A0ATT_SECURITY_SUB_TYPE">
                            <Value>LBRU</Value>
                        </Field>
                        <Field name="A0ATT_DESCRIPTION">
                            <Value>4-10, Marks Square</Value>
                        </Field>
                        <Field name="A0ATT_SUPPORTING_ITEM_FLAG">
                            <Value></Value>
                        </Field>
                        <Field name="A0ATT_CUST_SEC_ITEM_FLAG">
                            <Value></Value>
                        </Field>
                        <Field name="A0ATT_CURRENT_STATUS">
                            <Value>OTLA</Value>
                        </Field>
                        <Field name="A0ATT_LENDER_SECURITY_STATUS">
                            <Value>LOUT</Value>
                        </Field>
                        <Field name="A0ATT_SOLE_JOINT_BORROWING_IND">
                            <Value>J</Value>
                        </Field>
                        <Field name="A0ATT_SEC_NAPS_APP_ID">
                            <Value>14024080</Value>
                        </Field>
                        <Field name="A0ATT_ATTACHED_TO_CURR_NAPS_APP_ID">
                            <Value>Y</Value>
                        </Field>
                        <Field name="A0ATTBENEFICIAL_OWNER_GROUP">
                            <Value>2</Value>
                        </Field>
                        <List name="BeneficialOwnerList">
                            <ListItem>
                                <Field name="A0ATT_CIF_KEY">
                                    <Value>0100000938437104000</Value>
                                </Field>
                            </ListItem>
                            <ListItem>
                                <Field name="A0ATT_CIF_KEY">
                                    <Value>0100000932437490000</Value>
                                </Field>
                            </ListItem>
                        </List>
                    </ListItem>
                </List>
                <Field name="A0AVAILABLE_SECURITY_ITEM_GROUP">
                    <Value>25</Value>
                </Field>
                <List name="SecurityItemListAvailable055">
                    <ListItem>
                        <Field name="A0AVAIL_ITEM_NUMBER">
                            <Value>78645389</Value>
                        </Field>
                        <Field name="A0AVAIL_SECURITY_DATE">
                            <Value>00/00/0000</Value>
                        </Field>
                        <Field name="A0AVAIL_SECURITY_TYPE">
                            <Value>PROPERTY</Value>
                        </Field>
                        <Field name="A0AVAIL_PROPERTY_TYPE">
                            <Value>1</Value>
                        </Field>
                        <Field name="A0AVAIL_SECURITY_SUB_TYPE">
                            <Value>DUBL</Value>
                        </Field>
                        <Field name="A0AVAIL_DESCRIPTION">
                            <Value>( 3  Properties ) 66 ACR, yy</Value>
                        </Field>
                        <Field name="A0AVAIL_SUPPORTING_ITEM_FLAG">
                            <Value></Value>
                        </Field>
                        <Field name="A0AVAIL_CUST_SEC_ITEM_FLAG">
                            <Value></Value>
                        </Field>
                        <Field name="A0AVAIL_CURRENT_STATUS">
                            <Value>OTLA</Value>
                        </Field>
                        <Field name="A0AVAIL_LENDER_SECURITY_STATUS">
                            <Value>LOUT</Value>
                        </Field>
                        <Field name="A0AVAIL_SOLE_JOINT_BORROWING_IND">
                            <Value>J</Value>
                        </Field>
                        <Field name="A0AVAIL_SEC_NAPS_APP_ID">
                            <Value>19157058</Value>
                        </Field>
                        <Field name="A0AVAIL_ATTACHED_TO_CURR_NAPS_APP_ID">
                            <Value>N</Value>
                        </Field>
                        <Field name="A0AVAIL_BENEFICIAL_OWNER_GROUP">
                            <Value>2</Value>
                        </Field>
                        <List name="BeneficialOwnerList">
                            <ListItem>
                                <Field name="A0AVAIL_CIF_KEY">
                                    <Value>0100000938437104000</Value>
                                </Field>
                            </ListItem>
                            <ListItem>
                                <Field name="A0AVAIL_CIF_KEY">
                                    <Value>0100000937771128000</Value>
                                </Field>
                            </ListItem>
                        </List>
                    </ListItem>
                    <ListItem>
                        <Field name="A0AVAIL_ITEM_NUMBER">
                            <Value>44983605</Value>
                        </Field>
                        <Field name="A0AVAIL_SECURITY_DATE">
                            <Value>00/00/0000</Value>
                        </Field>
                        <Field name="A0AVAIL_SECURITY_TYPE">
                            <Value>UNDERTAKE</Value>
                        </Field>
                        <Field name="A0AVAIL_PROPERTY_TYPE">
                            <Value>1</Value>
                        </Field>
                        <Field name="A0AVAIL_SECURITY_SUB_TYPE">
                            <Value>LTIT</Value>
                        </Field>
                        <Field name="A0AVAIL_DESCRIPTION">
                            <Value>66 ACR, yy</Value>
                        </Field>
                        <Field name="A0AVAIL_SUPPORTING_ITEM_FLAG">
                            <Value>Y</Value>
                        </Field>
                        <Field name="A0AVAIL_CUST_SEC_ITEM_FLAG">
                            <Value></Value>
                        </Field>
                        <Field name="A0AVAIL_CURRENT_STATUS">
                            <Value>OTLA</Value>
                        </Field>
                        <Field name="A0AVAIL_LENDER_SECURITY_STATUS">
                            <Value>LOUT</Value>
                        </Field>
                        <Field name="A0AVAIL_SOLE_JOINT_BORROWING_IND">
                            <Value>J</Value>
                        </Field>
                        <Field name="A0AVAIL_SEC_NAPS_APP_ID">
                            <Value>0</Value>
                        </Field>
                        <Field name="A0AVAIL_ATTACHED_TO_CURR_NAPS_APP_ID">
                            <Value>N</Value>
                        </Field>
                        <Field name="A0AVAIL_BENEFICIAL_OWNER_GROUP">
                            <Value>2</Value>
                        </Field>
                        <List name="BeneficialOwnerList">
                            <ListItem>
                                <Field name="A0AVAIL_CIF_KEY">
                                    <Value>0100000937771128000</Value>
                                </Field>
                            </ListItem>
                            <ListItem>
                                <Field name="A0AVAIL_CIF_KEY">
                                    <Value>0100000938437104000</Value>
                                </Field>
                            </ListItem>
                        </List>
                    </ListItem>
                    <ListItem>
                        <Field name="A0AVAIL_ITEM_NUMBER">
                            <Value>39364533</Value>
                        </Field>
                        <Field name="A0AVAIL_SECURITY_DATE">
                            <Value>00/00/0000</Value>
                        </Field>
                        <Field name="A0AVAIL_SECURITY_TYPE">
                            <Value>PROPERTY</Value>
                        </Field>
                        <Field name="A0AVAIL_PROPERTY_TYPE">
                            <Value>1</Value>
                        </Field>
                        <Field name="A0AVAIL_SECURITY_SUB_TYPE">
                            <Value>DUBL</Value>
                        </Field>
                        <Field name="A0AVAIL_DESCRIPTION">
                            <Value>55 ACR, 1</Value>
                        </Field>
                        <Field name="A0AVAIL_SUPPORTING_ITEM_FLAG">
                            <Value></Value>
                        </Field>
                        <Field name="A0AVAIL_CUST_SEC_ITEM_FLAG">
                            <Value></Value>
                        </Field>
                        <Field name="A0AVAIL_CURRENT_STATUS">
                            <Value>OTLA</Value>
                        </Field>
                        <Field name="A0AVAIL_LENDER_SECURITY_STATUS">
                            <Value>LOUT</Value>
                        </Field>
                        <Field name="A0AVAIL_SOLE_JOINT_BORROWING_IND">
                            <Value>J</Value>
                        </Field>
                        <Field name="A0AVAIL_SEC_NAPS_APP_ID">
                            <Value>19543489</Value>
                        </Field>
                        <Field name="A0AVAIL_ATTACHED_TO_CURR_NAPS_APP_ID">
                            <Value>N</Value>
                        </Field>
                        <Field name="A0AVAIL_BENEFICIAL_OWNER_GROUP">
                            <Value>2</Value>
                        </Field>
                        <List name="BeneficialOwnerList">
                            <ListItem>
                                <Field name="A0AVAIL_CIF_KEY">
                                    <Value>0100000938437104000</Value>
                                </Field>
                            </ListItem>
                            <ListItem>
                                <Field name="A0AVAIL_CIF_KEY">
                                    <Value>0100000938560107000</Value>
                                </Field>
                            </ListItem>
                        </List>
                    </ListItem>
                    <ListItem>
                        <Field name="A0AVAIL_ITEM_NUMBER">
                            <Value>83423147</Value>
                        </Field>
                        <Field name="A0AVAIL_SECURITY_DATE">
                            <Value>00/00/0000</Value>
                        </Field>
                        <Field name="A0AVAIL_SECURITY_TYPE">
                            <Value>UNDERTAKE</Value>
                        </Field>
                        <Field name="A0AVAIL_PROPERTY_TYPE">
                            <Value>1</Value>
                        </Field>
                        <Field name="A0AVAIL_SECURITY_SUB_TYPE">
                            <Value>LTIT</Value>
                        </Field>
                        <Field name="A0AVAIL_DESCRIPTION">
                            <Value>55 ACR, 1</Value>
                        </Field>
                        <Field name="A0AVAIL_SUPPORTING_ITEM_FLAG">
                            <Value>Y</Value>
                        </Field>
                        <Field name="A0AVAIL_CUST_SEC_ITEM_FLAG">
                            <Value></Value>
                        </Field>
                        <Field name="A0AVAIL_CURRENT_STATUS">
                            <Value>OTLA</Value>
                        </Field>
                        <Field name="A0AVAIL_LENDER_SECURITY_STATUS">
                            <Value>LOUT</Value>
                        </Field>
                        <Field name="A0AVAIL_SOLE_JOINT_BORROWING_IND">
                            <Value>J</Value>
                        </Field>
                        <Field name="A0AVAIL_SEC_NAPS_APP_ID">
                            <Value>0</Value>
                        </Field>
                        <Field name="A0AVAIL_ATTACHED_TO_CURR_NAPS_APP_ID">
                            <Value>N</Value>
                        </Field>
                        <Field name="A0AVAIL_BENEFICIAL_OWNER_GROUP">
                            <Value>2</Value>
                        </Field>
                        <List name="BeneficialOwnerList">
                            <ListItem>
                                <Field name="A0AVAIL_CIF_KEY">
                                    <Value>0100000938560107000</Value>
                                </Field>
                            </ListItem>
                            <ListItem>
                                <Field name="A0AVAIL_CIF_KEY">
                                    <Value>0100000938437104000</Value>
                                </Field>
                            </ListItem>
                        </List>
                    </ListItem>
                    <ListItem>
                        <Field name="A0AVAIL_ITEM_NUMBER">
                            <Value>37075728</Value>
                        </Field>
                        <Field name="A0AVAIL_SECURITY_DATE">
                            <Value>00/00/0000</Value>
                        </Field>
                        <Field name="A0AVAIL_SECURITY_TYPE">
                            <Value>PROPERTY</Value>
                        </Field>
                        <Field name="A0AVAIL_PROPERTY_TYPE">
                            <Value>1</Value>
                        </Field>
                        <Field name="A0AVAIL_SECURITY_SUB_TYPE">
                            <Value>DUBL</Value>
                        </Field>
                        <Field name="A0AVAIL_DESCRIPTION">
                            <Value>22 HEC, aa</Value>
                        </Field>
                        <Field name="A0AVAIL_SUPPORTING_ITEM_FLAG">
                            <Value></Value>
                        </Field>
                        <Field name="A0AVAIL_CUST_SEC_ITEM_FLAG">
                            <Value></Value>
                        </Field>
                        <Field name="A0AVAIL_CURRENT_STATUS">
                            <Value>OTLA</Value>
                        </Field>
                        <Field name="A0AVAIL_LENDER_SECURITY_STATUS">
                            <Value>LOUT</Value>
                        </Field>
                        <Field name="A0AVAIL_SOLE_JOINT_BORROWING_IND">
                            <Value>J</Value>
                        </Field>
                        <Field name="A0AVAIL_SEC_NAPS_APP_ID">
                            <Value>18142218</Value>
                        </Field>
                        <Field name="A0AVAIL_ATTACHED_TO_CURR_NAPS_APP_ID">
                            <Value>N</Value>
                        </Field>
                        <Field name="A0AVAIL_BENEFICIAL_OWNER_GROUP">
                            <Value>2</Value>
                        </Field>
                        <List name="BeneficialOwnerList">
                            <ListItem>
                                <Field name="A0AVAIL_CIF_KEY">
                                    <Value>0100000938437104000</Value>
                                </Field>
                            </ListItem>
                            <ListItem>
                                <Field name="A0AVAIL_CIF_KEY">
                                    <Value>0100000936988046000</Value>
                                </Field>
                            </ListItem>
                        </List>
                    </ListItem>
                    <ListItem>
                        <Field name="A0AVAIL_ITEM_NUMBER">
                            <Value>19125703</Value>
                        </Field>
                        <Field name="A0AVAIL_SECURITY_DATE">
                            <Value>00/00/0000</Value>
                        </Field>
                        <Field name="A0AVAIL_SECURITY_TYPE">
                            <Value>UNDERTAKE</Value>
                        </Field>
                        <Field name="A0AVAIL_PROPERTY_TYPE">
                            <Value>1</Value>
                        </Field>
                        <Field name="A0AVAIL_SECURITY_SUB_TYPE">
                            <Value>LTIT</Value>
                        </Field>
                        <Field name="A0AVAIL_DESCRIPTION">
                            <Value>22 HEC, aa</Value>
                        </Field>
                        <Field name="A0AVAIL_SUPPORTING_ITEM_FLAG">
                            <Value>Y</Value>
                        </Field>
                        <Field name="A0AVAIL_CUST_SEC_ITEM_FLAG">
                            <Value></Value>
                        </Field>
                        <Field name="A0AVAIL_CURRENT_STATUS">
                            <Value>OTLA</Value>
                        </Field>
                        <Field name="A0AVAIL_LENDER_SECURITY_STATUS">
                            <Value>LOUT</Value>
                        </Field>
                        <Field name="A0AVAIL_SOLE_JOINT_BORROWING_IND">
                            <Value>J</Value>
                        </Field>
                        <Field name="A0AVAIL_SEC_NAPS_APP_ID">
                            <Value>0</Value>
                        </Field>
                        <Field name="A0AVAIL_ATTACHED_TO_CURR_NAPS_APP_ID">
                            <Value>N</Value>
                        </Field>
                        <Field name="A0AVAIL_BENEFICIAL_OWNER_GROUP">
                            <Value>2</Value>
                        </Field>
                        <List name="BeneficialOwnerList">
                            <ListItem>
                                <Field name="A0AVAIL_CIF_KEY">
                                    <Value>0100000938437104000</Value>
                                </Field>
                            </ListItem>
                            <ListItem>
                                <Field name="A0AVAIL_CIF_KEY">
                                    <Value>0100000936988046000</Value>
                                </Field>
                            </ListItem>
                        </List>
                    </ListItem>
                    <ListItem>
                        <Field name="A0AVAIL_ITEM_NUMBER">
                            <Value>73565756</Value>
                        </Field>
                        <Field name="A0AVAIL_SECURITY_DATE">
                            <Value>00/00/0000</Value>
                        </Field>
                        <Field name="A0AVAIL_SECURITY_TYPE">
                            <Value>PROPERTY</Value>
                        </Field>
                        <Field name="A0AVAIL_PROPERTY_TYPE">
                            <Value>2</Value>
                        </Field>
                        <Field name="A0AVAIL_SECURITY_SUB_TYPE">
                            <Value>DUBL</Value>
                        </Field>
                        <Field name="A0AVAIL_DESCRIPTION">
                            <Value>24,Blah Blah Blah, Blarney</Value>
                        </Field>
                        <Field name="A0AVAIL_SUPPORTING_ITEM_FLAG">
                            <Value></Value>
                        </Field>
                        <Field name="A0AVAIL_CUST_SEC_ITEM_FLAG">
                            <Value></Value>
                        </Field>
                        <Field name="A0AVAIL_CURRENT_STATUS">
                            <Value>OTLA</Value>
                        </Field>
                        <Field name="A0AVAIL_LENDER_SECURITY_STATUS">
                            <Value>LOUT</Value>
                        </Field>
                        <Field name="A0AVAIL_SOLE_JOINT_BORROWING_IND">
                            <Value>J</Value>
                        </Field>
                        <Field name="A0AVAIL_SEC_NAPS_APP_ID">
                            <Value>19980171</Value>
                        </Field>
                        <Field name="A0AVAIL_ATTACHED_TO_CURR_NAPS_APP_ID">
                            <Value>N</Value>
                        </Field>
                        <Field name="A0AVAIL_BENEFICIAL_OWNER_GROUP">
                            <Value>2</Value>
                        </Field>
                        <List name="BeneficialOwnerList">
                            <ListItem>
                                <Field name="A0AVAIL_CIF_KEY">
                                    <Value>0100000938437104000</Value>
                                </Field>
                            </ListItem>
                            <ListItem>
                                <Field name="A0AVAIL_CIF_KEY">
                                    <Value>0100000937672640000</Value>
                                </Field>
                            </ListItem>
                        </List>
                    </ListItem>
                    <ListItem>
                        <Field name="A0AVAIL_ITEM_NUMBER">
                            <Value>44945263</Value>
                        </Field>
                        <Field name="A0AVAIL_SECURITY_DATE">
                            <Value>00/00/0000</Value>
                        </Field>
                        <Field name="A0AVAIL_SECURITY_TYPE">
                            <Value>UNDERTAKE</Value>
                        </Field>
                        <Field name="A0AVAIL_PROPERTY_TYPE">
                            <Value>2</Value>
                        </Field>
                        <Field name="A0AVAIL_SECURITY_SUB_TYPE">
                            <Value>LTIT</Value>
                        </Field>
                        <Field name="A0AVAIL_DESCRIPTION">
                            <Value>24,Blah Blah Blah, Blarney</Value>
                        </Field>
                        <Field name="A0AVAIL_SUPPORTING_ITEM_FLAG">
                            <Value>Y</Value>
                        </Field>
                        <Field name="A0AVAIL_CUST_SEC_ITEM_FLAG">
                            <Value></Value>
                        </Field>
                        <Field name="A0AVAIL_CURRENT_STATUS">
                            <Value>OTLA</Value>
                        </Field>
                        <Field name="A0AVAIL_LENDER_SECURITY_STATUS">
                            <Value>LOUT</Value>
                        </Field>
                        <Field name="A0AVAIL_SOLE_JOINT_BORROWING_IND">
                            <Value>J</Value>
                        </Field>
                        <Field name="A0AVAIL_SEC_NAPS_APP_ID">
                            <Value>0</Value>
                        </Field>
                        <Field name="A0AVAIL_ATTACHED_TO_CURR_NAPS_APP_ID">
                            <Value>N</Value>
                        </Field>
                        <Field name="A0AVAIL_BENEFICIAL_OWNER_GROUP">
                            <Value>2</Value>
                        </Field>
                        <List name="BeneficialOwnerList">
                            <ListItem>
                                <Field name="A0AVAIL_CIF_KEY">
                                    <Value>0100000937672640000</Value>
                                </Field>
                            </ListItem>
                            <ListItem>
                                <Field name="A0AVAIL_CIF_KEY">
                                    <Value>0100000938437104000</Value>
                                </Field>
                            </ListItem>
                        </List>
                    </ListItem>
                    <ListItem>
                        <Field name="A0AVAIL_ITEM_NUMBER">
                            <Value>38287109</Value>
                        </Field>
                        <Field name="A0AVAIL_SECURITY_DATE">
                            <Value>00/00/0000</Value>
                        </Field>
                        <Field name="A0AVAIL_SECURITY_TYPE">
                            <Value>PROPERTY</Value>
                        </Field>
                        <Field name="A0AVAIL_PROPERTY_TYPE">
                            <Value>1</Value>
                        </Field>
                        <Field name="A0AVAIL_SECURITY_SUB_TYPE">
                            <Value>DUBL</Value>
                        </Field>
                        <Field name="A0AVAIL_DESCRIPTION">
                            <Value>1 ACR, 1</Value>
                        </Field>
                        <Field name="A0AVAIL_SUPPORTING_ITEM_FLAG">
                            <Value></Value>
                        </Field>
                        <Field name="A0AVAIL_CUST_SEC_ITEM_FLAG">
                            <Value></Value>
                        </Field>
                        <Field name="A0AVAIL_CURRENT_STATUS">
                            <Value>OTLA</Value>
                        </Field>
                        <Field name="A0AVAIL_LENDER_SECURITY_STATUS">
                            <Value>LOUT</Value>
                        </Field>
                        <Field name="A0AVAIL_SOLE_JOINT_BORROWING_IND">
                            <Value>O</Value>
                        </Field>
                        <Field name="A0AVAIL_SEC_NAPS_APP_ID">
                            <Value>501100291041</Value>
                        </Field>
                        <Field name="A0AVAIL_ATTACHED_TO_CURR_NAPS_APP_ID">
                            <Value>N</Value>
                        </Field>
                        <Field name="A0AVAIL_BENEFICIAL_OWNER_GROUP">
                            <Value>1</Value>
                        </Field>
                        <List name="BeneficialOwnerList">
                            <ListItem>
                                <Field name="A0AVAIL_CIF_KEY">
                                    <Value>0100000938437104000</Value>
                                </Field>
                            </ListItem>
                        </List>
                    </ListItem>
                    <ListItem>
                        <Field name="A0AVAIL_ITEM_NUMBER">
                            <Value>36570804</Value>
                        </Field>
                        <Field name="A0AVAIL_SECURITY_DATE">
                            <Value>00/00/0000</Value>
                        </Field>
                        <Field name="A0AVAIL_SECURITY_TYPE">
                            <Value>UNDERTAKE</Value>
                        </Field>
                        <Field name="A0AVAIL_PROPERTY_TYPE">
                            <Value>1</Value>
                        </Field>
                        <Field name="A0AVAIL_SECURITY_SUB_TYPE">
                            <Value>LTIT</Value>
                        </Field>
                        <Field name="A0AVAIL_DESCRIPTION">
                            <Value>1 ACR, 1</Value>
                        </Field>
                        <Field name="A0AVAIL_SUPPORTING_ITEM_FLAG">
                            <Value>Y</Value>
                        </Field>
                        <Field name="A0AVAIL_CUST_SEC_ITEM_FLAG">
                            <Value></Value>
                        </Field>
                        <Field name="A0AVAIL_CURRENT_STATUS">
                            <Value>OTLA</Value>
                        </Field>
                        <Field name="A0AVAIL_LENDER_SECURITY_STATUS">
                            <Value>LOUT</Value>
                        </Field>
                        <Field name="A0AVAIL_SOLE_JOINT_BORROWING_IND">
                            <Value>O</Value>
                        </Field>
                        <Field name="A0AVAIL_SEC_NAPS_APP_ID">
                            <Value>0</Value>
                        </Field>
                        <Field name="A0AVAIL_ATTACHED_TO_CURR_NAPS_APP_ID">
                            <Value>N</Value>
                        </Field>
                        <Field name="A0AVAIL_BENEFICIAL_OWNER_GROUP">
                            <Value>1</Value>
                        </Field>
                        <List name="BeneficialOwnerList">
                            <ListItem>
                                <Field name="A0AVAIL_CIF_KEY">
                                    <Value>0100000938437104000</Value>
                                </Field>
                            </ListItem>
                        </List>
                    </ListItem>
                    <ListItem>
                        <Field name="A0AVAIL_ITEM_NUMBER">
                            <Value>51912109</Value>
                        </Field>
                        <Field name="A0AVAIL_SECURITY_DATE">
                            <Value>00/00/0000</Value>
                        </Field>
                        <Field name="A0AVAIL_SECURITY_TYPE">
                            <Value>PROPERTY</Value>
                        </Field>
                        <Field name="A0AVAIL_PROPERTY_TYPE">
                            <Value>1</Value>
                        </Field>
                        <Field name="A0AVAIL_SECURITY_SUB_TYPE">
                            <Value>DUBL</Value>
                        </Field>
                        <Field name="A0AVAIL_DESCRIPTION">
                            <Value>1ACR ,1, 1</Value>
                        </Field>
                        <Field name="A0AVAIL_SUPPORTING_ITEM_FLAG">
                            <Value></Value>
                        </Field>
                        <Field name="A0AVAIL_CUST_SEC_ITEM_FLAG">
                            <Value></Value>
                        </Field>
                        <Field name="A0AVAIL_CURRENT_STATUS">
                            <Value>OTLA</Value>
                        </Field>
                        <Field name="A0AVAIL_LENDER_SECURITY_STATUS">
                            <Value>LOUT</Value>
                        </Field>
                        <Field name="A0AVAIL_SOLE_JOINT_BORROWING_IND">
                            <Value>O</Value>
                        </Field>
                        <Field name="A0AVAIL_SEC_NAPS_APP_ID">
                            <Value>501100291041</Value>
                        </Field>
                        <Field name="A0AVAIL_ATTACHED_TO_CURR_NAPS_APP_ID">
                            <Value>N</Value>
                        </Field>
                        <Field name="A0AVAIL_BENEFICIAL_OWNER_GROUP">
                            <Value>1</Value>
                        </Field>
                        <List name="BeneficialOwnerList">
                            <ListItem>
                                <Field name="A0AVAIL_CIF_KEY">
                                    <Value>0100000938437104000</Value>
                                </Field>
                            </ListItem>
                        </List>
                    </ListItem>
                    <ListItem>
                        <Field name="A0AVAIL_ITEM_NUMBER">
                            <Value>58690427</Value>
                        </Field>
                        <Field name="A0AVAIL_SECURITY_DATE">
                            <Value>00/00/0000</Value>
                        </Field>
                        <Field name="A0AVAIL_SECURITY_TYPE">
                            <Value>UNDERTAKE</Value>
                        </Field>
                        <Field name="A0AVAIL_PROPERTY_TYPE">
                            <Value>1</Value>
                        </Field>
                        <Field name="A0AVAIL_SECURITY_SUB_TYPE">
                            <Value>LTIT</Value>
                        </Field>
                        <Field name="A0AVAIL_DESCRIPTION">
                            <Value>1ACR ,1, 1</Value>
                        </Field>
                        <Field name="A0AVAIL_SUPPORTING_ITEM_FLAG">
                            <Value>Y</Value>
                        </Field>
                        <Field name="A0AVAIL_CUST_SEC_ITEM_FLAG">
                            <Value></Value>
                        </Field>
                        <Field name="A0AVAIL_CURRENT_STATUS">
                            <Value>OTLA</Value>
                        </Field>
                        <Field name="A0AVAIL_LENDER_SECURITY_STATUS">
                            <Value>LOUT</Value>
                        </Field>
                        <Field name="A0AVAIL_SOLE_JOINT_BORROWING_IND">
                            <Value>O</Value>
                        </Field>
                        <Field name="A0AVAIL_SEC_NAPS_APP_ID">
                            <Value>0</Value>
                        </Field>
                        <Field name="A0AVAIL_ATTACHED_TO_CURR_NAPS_APP_ID">
                            <Value>N</Value>
                        </Field>
                        <Field name="A0AVAIL_BENEFICIAL_OWNER_GROUP">
                            <Value>1</Value>
                        </Field>
                        <List name="BeneficialOwnerList">
                            <ListItem>
                                <Field name="A0AVAIL_CIF_KEY">
                                    <Value>0100000938437104000</Value>
                                </Field>
                            </ListItem>
                        </List>
                    </ListItem>
                    <ListItem>
                        <Field name="A0AVAIL_ITEM_NUMBER">
                            <Value>75522254</Value>
                        </Field>
                        <Field name="A0AVAIL_SECURITY_DATE">
                            <Value>00/00/0000</Value>
                        </Field>
                        <Field name="A0AVAIL_SECURITY_TYPE">
                            <Value>PROPERTY</Value>
                        </Field>
                        <Field name="A0AVAIL_PROPERTY_TYPE">
                            <Value>1</Value>
                        </Field>
                        <Field name="A0AVAIL_SECURITY_SUB_TYPE">
                            <Value>DUBL</Value>
                        </Field>
                        <Field name="A0AVAIL_DESCRIPTION">
                            <Value>1,1, 1</Value>
                        </Field>
                        <Field name="A0AVAIL_SUPPORTING_ITEM_FLAG">
                            <Value></Value>
                        </Field>
                        <Field name="A0AVAIL_CUST_SEC_ITEM_FLAG">
                            <Value></Value>
                        </Field>
                        <Field name="A0AVAIL_CURRENT_STATUS">
                            <Value>OTLA</Value>
                        </Field>
                        <Field name="A0AVAIL_LENDER_SECURITY_STATUS">
                            <Value>LOUT</Value>
                        </Field>
                        <Field name="A0AVAIL_SOLE_JOINT_BORROWING_IND">
                            <Value>O</Value>
                        </Field>
                        <Field name="A0AVAIL_SEC_NAPS_APP_ID">
                            <Value>501100291041</Value>
                        </Field>
                        <Field name="A0AVAIL_ATTACHED_TO_CURR_NAPS_APP_ID">
                            <Value>N</Value>
                        </Field>
                        <Field name="A0AVAIL_BENEFICIAL_OWNER_GROUP">
                            <Value>1</Value>
                        </Field>
                        <List name="BeneficialOwnerList">
                            <ListItem>
                                <Field name="A0AVAIL_CIF_KEY">
                                    <Value>0100000938437104000</Value>
                                </Field>
                            </ListItem>
                        </List>
                    </ListItem>
                    <ListItem>
                        <Field name="A0AVAIL_ITEM_NUMBER">
                            <Value>23373942</Value>
                        </Field>
                        <Field name="A0AVAIL_SECURITY_DATE">
                            <Value>00/00/0000</Value>
                        </Field>
                        <Field name="A0AVAIL_SECURITY_TYPE">
                            <Value>UNDERTAKE</Value>
                        </Field>
                        <Field name="A0AVAIL_PROPERTY_TYPE">
                            <Value>1</Value>
                        </Field>
                        <Field name="A0AVAIL_SECURITY_SUB_TYPE">
                            <Value>LTIT</Value>
                        </Field>
                        <Field name="A0AVAIL_DESCRIPTION">
                            <Value>1,1, 1</Value>
                        </Field>
                        <Field name="A0AVAIL_SUPPORTING_ITEM_FLAG">
                            <Value>Y</Value>
                        </Field>
                        <Field name="A0AVAIL_CUST_SEC_ITEM_FLAG">
                            <Value></Value>
                        </Field>
                        <Field name="A0AVAIL_CURRENT_STATUS">
                            <Value>OTLA</Value>
                        </Field>
                        <Field name="A0AVAIL_LENDER_SECURITY_STATUS">
                            <Value>LOUT</Value>
                        </Field>
                        <Field name="A0AVAIL_SOLE_JOINT_BORROWING_IND">
                            <Value>O</Value>
                        </Field>
                        <Field name="A0AVAIL_SEC_NAPS_APP_ID">
                            <Value>0</Value>
                        </Field>
                        <Field name="A0AVAIL_ATTACHED_TO_CURR_NAPS_APP_ID">
                            <Value>N</Value>
                        </Field>
                        <Field name="A0AVAIL_BENEFICIAL_OWNER_GROUP">
                            <Value>1</Value>
                        </Field>
                        <List name="BeneficialOwnerList">
                            <ListItem>
                                <Field name="A0AVAIL_CIF_KEY">
                                    <Value>0100000938437104000</Value>
                                </Field>
                            </ListItem>
                        </List>
                    </ListItem>
                    <ListItem>
                        <Field name="A0AVAIL_ITEM_NUMBER">
                            <Value>24529890</Value>
                        </Field>
                        <Field name="A0AVAIL_SECURITY_DATE">
                            <Value>00/00/0000</Value>
                        </Field>
                        <Field name="A0AVAIL_SECURITY_TYPE">
                            <Value>PROPERTY</Value>
                        </Field>
                        <Field name="A0AVAIL_PROPERTY_TYPE">
                            <Value>3</Value>
                        </Field>
                        <Field name="A0AVAIL_SECURITY_SUB_TYPE">
                            <Value>DUBL</Value>
                        </Field>
                        <Field name="A0AVAIL_DESCRIPTION">
                            <Value>2,ddddfa, adfsfa</Value>
                        </Field>
                        <Field name="A0AVAIL_SUPPORTING_ITEM_FLAG">
                            <Value></Value>
                        </Field>
                        <Field name="A0AVAIL_CUST_SEC_ITEM_FLAG">
                            <Value></Value>
                        </Field>
                        <Field name="A0AVAIL_CURRENT_STATUS">
                            <Value>OTLA</Value>
                        </Field>
                        <Field name="A0AVAIL_LENDER_SECURITY_STATUS">
                            <Value>LOUT</Value>
                        </Field>
                        <Field name="A0AVAIL_SOLE_JOINT_BORROWING_IND">
                            <Value>O</Value>
                        </Field>
                        <Field name="A0AVAIL_SEC_NAPS_APP_ID">
                            <Value>17303981</Value>
                        </Field>
                        <Field name="A0AVAIL_ATTACHED_TO_CURR_NAPS_APP_ID">
                            <Value>N</Value>
                        </Field>
                        <Field name="A0AVAIL_BENEFICIAL_OWNER_GROUP">
                            <Value>1</Value>
                        </Field>
                        <List name="BeneficialOwnerList">
                            <ListItem>
                                <Field name="A0AVAIL_CIF_KEY">
                                    <Value>0100000938437104000</Value>
                                </Field>
                            </ListItem>
                        </List>
                    </ListItem>
                    <ListItem>
                        <Field name="A0AVAIL_ITEM_NUMBER">
                            <Value>83085596</Value>
                        </Field>
                        <Field name="A0AVAIL_SECURITY_DATE">
                            <Value>00/00/0000</Value>
                        </Field>
                        <Field name="A0AVAIL_SECURITY_TYPE">
                            <Value>UNDERTAKE</Value>
                        </Field>
                        <Field name="A0AVAIL_PROPERTY_TYPE">
                            <Value>3</Value>
                        </Field>
                        <Field name="A0AVAIL_SECURITY_SUB_TYPE">
                            <Value>LTIT</Value>
                        </Field>
                        <Field name="A0AVAIL_DESCRIPTION">
                            <Value>2,ddddfa, adfsfa</Value>
                        </Field>
                        <Field name="A0AVAIL_SUPPORTING_ITEM_FLAG">
                            <Value>Y</Value>
                        </Field>
                        <Field name="A0AVAIL_CUST_SEC_ITEM_FLAG">
                            <Value></Value>
                        </Field>
                        <Field name="A0AVAIL_CURRENT_STATUS">
                            <Value>OTLA</Value>
                        </Field>
                        <Field name="A0AVAIL_LENDER_SECURITY_STATUS">
                            <Value>LOUT</Value>
                        </Field>
                        <Field name="A0AVAIL_SOLE_JOINT_BORROWING_IND">
                            <Value>O</Value>
                        </Field>
                        <Field name="A0AVAIL_SEC_NAPS_APP_ID">
                            <Value>0</Value>
                        </Field>
                        <Field name="A0AVAIL_ATTACHED_TO_CURR_NAPS_APP_ID">
                            <Value>N</Value>
                        </Field>
                        <Field name="A0AVAIL_BENEFICIAL_OWNER_GROUP">
                            <Value>1</Value>
                        </Field>
                        <List name="BeneficialOwnerList">
                            <ListItem>
                                <Field name="A0AVAIL_CIF_KEY">
                                    <Value>0100000938437104000</Value>
                                </Field>
                            </ListItem>
                        </List>
                    </ListItem>
                    <ListItem>
                        <Field name="A0AVAIL_ITEM_NUMBER">
                            <Value>83654781</Value>
                        </Field>
                        <Field name="A0AVAIL_SECURITY_DATE">
                            <Value>00/00/0000</Value>
                        </Field>
                        <Field name="A0AVAIL_SECURITY_TYPE">
                            <Value>LIEN</Value>
                        </Field>
                        <Field name="A0AVAIL_PROPERTY_TYPE">
                            <Value></Value>
                        </Field>
                        <Field name="A0AVAIL_SECURITY_SUB_TYPE">
                            <Value>LIEP</Value>
                        </Field>
                        <Field name="A0AVAIL_DESCRIPTION">
                            <Value>AIB Bank, EUR16000.00</Value>
                        </Field>
                        <Field name="A0AVAIL_SUPPORTING_ITEM_FLAG">
                            <Value></Value>
                        </Field>
                        <Field name="A0AVAIL_CUST_SEC_ITEM_FLAG">
                            <Value></Value>
                        </Field>
                        <Field name="A0AVAIL_CURRENT_STATUS">
                            <Value>OTLA</Value>
                        </Field>
                        <Field name="A0AVAIL_LENDER_SECURITY_STATUS">
                            <Value>LOUT</Value>
                        </Field>
                        <Field name="A0AVAIL_SOLE_JOINT_BORROWING_IND">
                            <Value>O</Value>
                        </Field>
                        <Field name="A0AVAIL_SEC_NAPS_APP_ID">
                            <Value>16009118</Value>
                        </Field>
                        <Field name="A0AVAIL_ATTACHED_TO_CURR_NAPS_APP_ID">
                            <Value>N</Value>
                        </Field>
                        <Field name="A0AVAIL_BENEFICIAL_OWNER_GROUP">
                            <Value>1</Value>
                        </Field>
                        <List name="BeneficialOwnerList">
                            <ListItem>
                                <Field name="A0AVAIL_CIF_KEY">
                                    <Value>0100000938437104000</Value>
                                </Field>
                            </ListItem>
                        </List>
                    </ListItem>
                    <ListItem>
                        <Field name="A0AVAIL_ITEM_NUMBER">
                            <Value>80948676</Value>
                        </Field>
                        <Field name="A0AVAIL_SECURITY_DATE">
                            <Value>00/00/0000</Value>
                        </Field>
                        <Field name="A0AVAIL_SECURITY_TYPE">
                            <Value>LIFE POL</Value>
                        </Field>
                        <Field name="A0AVAIL_PROPERTY_TYPE">
                            <Value></Value>
                        </Field>
                        <Field name="A0AVAIL_SECURITY_SUB_TYPE">
                            <Value>ENDW</Value>
                        </Field>
                        <Field name="A0AVAIL_DESCRIPTION">
                            <Value>Amev.               , EUR20000.00</Value>
                        </Field>
                        <Field name="A0AVAIL_SUPPORTING_ITEM_FLAG">
                            <Value></Value>
                        </Field>
                        <Field name="A0AVAIL_CUST_SEC_ITEM_FLAG">
                            <Value></Value>
                        </Field>
                        <Field name="A0AVAIL_CURRENT_STATUS">
                            <Value>OTLA</Value>
                        </Field>
                        <Field name="A0AVAIL_LENDER_SECURITY_STATUS">
                            <Value>LOUT</Value>
                        </Field>
                        <Field name="A0AVAIL_SOLE_JOINT_BORROWING_IND">
                            <Value>O</Value>
                        </Field>
                        <Field name="A0AVAIL_SEC_NAPS_APP_ID">
                            <Value>19407742</Value>
                        </Field>
                        <Field name="A0AVAIL_ATTACHED_TO_CURR_NAPS_APP_ID">
                            <Value>N</Value>
                        </Field>
                        <Field name="A0AVAIL_BENEFICIAL_OWNER_GROUP">
                            <Value>1</Value>
                        </Field>
                        <List name="BeneficialOwnerList">
                            <ListItem>
                                <Field name="A0AVAIL_CIF_KEY">
                                    <Value>0100000938437104000</Value>
                                </Field>
                            </ListItem>
                        </List>
                    </ListItem>
                    <ListItem>
                        <Field name="A0AVAIL_ITEM_NUMBER">
                            <Value>83880584</Value>
                        </Field>
                        <Field name="A0AVAIL_SECURITY_DATE">
                            <Value>00/00/0000</Value>
                        </Field>
                        <Field name="A0AVAIL_SECURITY_TYPE">
                            <Value>UNDERTAKE</Value>
                        </Field>
                        <Field name="A0AVAIL_PROPERTY_TYPE">
                            <Value>6</Value>
                        </Field>
                        <Field name="A0AVAIL_SECURITY_SUB_TYPE">
                            <Value>LBRU</Value>
                        </Field>
                        <Field name="A0AVAIL_DESCRIPTION">
                            <Value>4-10, Marks Square</Value>
                        </Field>
                        <Field name="A0AVAIL_SUPPORTING_ITEM_FLAG">
                            <Value></Value>
                        </Field>
                        <Field name="A0AVAIL_CUST_SEC_ITEM_FLAG">
                            <Value></Value>
                        </Field>
                        <Field name="A0AVAIL_CURRENT_STATUS">
                            <Value>OTLA</Value>
                        </Field>
                        <Field name="A0AVAIL_LENDER_SECURITY_STATUS">
                            <Value>LOUT</Value>
                        </Field>
                        <Field name="A0AVAIL_SOLE_JOINT_BORROWING_IND">
                            <Value>J</Value>
                        </Field>
                        <Field name="A0AVAIL_SEC_NAPS_APP_ID">
                            <Value>14024080</Value>
                        </Field>
                        <Field name="A0AVAIL_ATTACHED_TO_CURR_NAPS_APP_ID">
                            <Value>Y</Value>
                        </Field>
                        <Field name="A0AVAIL_BENEFICIAL_OWNER_GROUP">
                            <Value>2</Value>
                        </Field>
                        <List name="BeneficialOwnerList">
                            <ListItem>
                                <Field name="A0AVAIL_CIF_KEY">
                                    <Value>0100000938437104000</Value>
                                </Field>
                            </ListItem>
                            <ListItem>
                                <Field name="A0AVAIL_CIF_KEY">
                                    <Value>0100000932437490000</Value>
                                </Field>
                            </ListItem>
                        </List>
                    </ListItem>
                    <ListItem>
                        <Field name="A0AVAIL_ITEM_NUMBER">
                            <Value>44945263</Value>
                        </Field>
                        <Field name="A0AVAIL_SECURITY_DATE">
                            <Value>00/00/0000</Value>
                        </Field>
                        <Field name="A0AVAIL_SECURITY_TYPE">
                            <Value>UNDERTAKE</Value>
                        </Field>
                        <Field name="A0AVAIL_PROPERTY_TYPE">
                            <Value>2</Value>
                        </Field>
                        <Field name="A0AVAIL_SECURITY_SUB_TYPE">
                            <Value>LTIT</Value>
                        </Field>
                        <Field name="A0AVAIL_DESCRIPTION">
                            <Value>24,Blah Blah Blah, Blarney</Value>
                        </Field>
                        <Field name="A0AVAIL_SUPPORTING_ITEM_FLAG">
                            <Value></Value>
                        </Field>
                        <Field name="A0AVAIL_CUST_SEC_ITEM_FLAG">
                            <Value></Value>
                        </Field>
                        <Field name="A0AVAIL_CURRENT_STATUS">
                            <Value>OTLA</Value>
                        </Field>
                        <Field name="A0AVAIL_LENDER_SECURITY_STATUS">
                            <Value>LOUT</Value>
                        </Field>
                        <Field name="A0AVAIL_SOLE_JOINT_BORROWING_IND">
                            <Value>J</Value>
                        </Field>
                        <Field name="A0AVAIL_SEC_NAPS_APP_ID">
                            <Value>0</Value>
                        </Field>
                        <Field name="A0AVAIL_ATTACHED_TO_CURR_NAPS_APP_ID">
                            <Value>N</Value>
                        </Field>
                        <Field name="A0AVAIL_BENEFICIAL_OWNER_GROUP">
                            <Value>2</Value>
                        </Field>
                        <List name="BeneficialOwnerList">
                            <ListItem>
                                <Field name="A0AVAIL_CIF_KEY">
                                    <Value>0100000937672640000</Value>
                                </Field>
                            </ListItem>
                            <ListItem>
                                <Field name="A0AVAIL_CIF_KEY">
                                    <Value>0100000938437104000</Value>
                                </Field>
                            </ListItem>
                        </List>
                    </ListItem>
                    <ListItem>
                        <Field name="A0AVAIL_ITEM_NUMBER">
                            <Value>58690427</Value>
                        </Field>
                        <Field name="A0AVAIL_SECURITY_DATE">
                            <Value>00/00/0000</Value>
                        </Field>
                        <Field name="A0AVAIL_SECURITY_TYPE">
                            <Value>UNDERTAKE</Value>
                        </Field>
                        <Field name="A0AVAIL_PROPERTY_TYPE">
                            <Value>1</Value>
                        </Field>
                        <Field name="A0AVAIL_SECURITY_SUB_TYPE">
                            <Value>LTIT</Value>
                        </Field>
                        <Field name="A0AVAIL_DESCRIPTION">
                            <Value>1ACR ,1, 1</Value>
                        </Field>
                        <Field name="A0AVAIL_SUPPORTING_ITEM_FLAG">
                            <Value></Value>
                        </Field>
                        <Field name="A0AVAIL_CUST_SEC_ITEM_FLAG">
                            <Value></Value>
                        </Field>
                        <Field name="A0AVAIL_CURRENT_STATUS">
                            <Value>OTLA</Value>
                        </Field>
                        <Field name="A0AVAIL_LENDER_SECURITY_STATUS">
                            <Value>LOUT</Value>
                        </Field>
                        <Field name="A0AVAIL_SOLE_JOINT_BORROWING_IND">
                            <Value>O</Value>
                        </Field>
                        <Field name="A0AVAIL_SEC_NAPS_APP_ID">
                            <Value>0</Value>
                        </Field>
                        <Field name="A0AVAIL_ATTACHED_TO_CURR_NAPS_APP_ID">
                            <Value>N</Value>
                        </Field>
                        <Field name="A0AVAIL_BENEFICIAL_OWNER_GROUP">
                            <Value>1</Value>
                        </Field>
                        <List name="BeneficialOwnerList">
                            <ListItem>
                                <Field name="A0AVAIL_CIF_KEY">
                                    <Value>0100000938437104000</Value>
                                </Field>
                            </ListItem>
                        </List>
                    </ListItem>
                    <ListItem>
                        <Field name="A0AVAIL_ITEM_NUMBER">
                            <Value>80202253</Value>
                        </Field>
                        <Field name="A0AVAIL_SECURITY_DATE">
                            <Value>00/00/0000</Value>
                        </Field>
                        <Field name="A0AVAIL_SECURITY_TYPE">
                            <Value>GUARANTEE</Value>
                        </Field>
                        <Field name="A0AVAIL_PROPERTY_TYPE">
                            <Value></Value>
                        </Field>
                        <Field name="A0AVAIL_SECURITY_SUB_TYPE">
                            <Value>PCCA</Value>
                        </Field>
                        <Field name="A0AVAIL_DESCRIPTION">
                            <Value>EUR120000.00, MR BRAD PITT TEST TEST</Value>
                        </Field>
                        <Field name="A0AVAIL_SUPPORTING_ITEM_FLAG">
                            <Value></Value>
                        </Field>
                        <Field name="A0AVAIL_CUST_SEC_ITEM_FLAG">
                            <Value></Value>
                        </Field>
                        <Field name="A0AVAIL_CURRENT_STATUS">
                            <Value>OTLA</Value>
                        </Field>
                        <Field name="A0AVAIL_LENDER_SECURITY_STATUS">
                            <Value>LOUT</Value>
                        </Field>
                        <Field name="A0AVAIL_SOLE_JOINT_BORROWING_IND">
                            <Value>J</Value>
                        </Field>
                        <Field name="A0AVAIL_SEC_NAPS_APP_ID">
                            <Value>501100199201</Value>
                        </Field>
                        <Field name="A0AVAIL_ATTACHED_TO_CURR_NAPS_APP_ID">
                            <Value>N</Value>
                        </Field>
                        <Field name="A0AVAIL_BENEFICIAL_OWNER_GROUP">
                            <Value>2</Value>
                        </Field>
                        <List name="BeneficialOwnerList">
                            <ListItem>
                                <Field name="A0AVAIL_CIF_KEY">
                                    <Value>0100000938437104000</Value>
                                </Field>
                            </ListItem>
                            <ListItem>
                                <Field name="A0AVAIL_CIF_KEY">
                                    <Value>0100000933199869000</Value>
                                </Field>
                            </ListItem>
                        </List>
                    </ListItem>
                    <ListItem>
                        <Field name="A0AVAIL_ITEM_NUMBER">
                            <Value>18727321</Value>
                        </Field>
                        <Field name="A0AVAIL_SECURITY_DATE">
                            <Value>00/00/0000</Value>
                        </Field>
                        <Field name="A0AVAIL_SECURITY_TYPE">
                            <Value>GUARANTEE</Value>
                        </Field>
                        <Field name="A0AVAIL_PROPERTY_TYPE">
                            <Value></Value>
                        </Field>
                        <Field name="A0AVAIL_SECURITY_SUB_TYPE">
                            <Value>MISC</Value>
                        </Field>
                        <Field name="A0AVAIL_DESCRIPTION">
                            <Value>EUR500.00, TOM CRUISE DUBLIN JLKFASF</Value>
                        </Field>
                        <Field name="A0AVAIL_SUPPORTING_ITEM_FLAG">
                            <Value></Value>
                        </Field>
                        <Field name="A0AVAIL_CUST_SEC_ITEM_FLAG">
                            <Value></Value>
                        </Field>
                        <Field name="A0AVAIL_CURRENT_STATUS">
                            <Value>OTLA</Value>
                        </Field>
                        <Field name="A0AVAIL_LENDER_SECURITY_STATUS">
                            <Value>LOUT</Value>
                        </Field>
                        <Field name="A0AVAIL_SOLE_JOINT_BORROWING_IND">
                            <Value>O</Value>
                        </Field>
                        <Field name="A0AVAIL_SEC_NAPS_APP_ID">
                            <Value>16643295</Value>
                        </Field>
                        <Field name="A0AVAIL_ATTACHED_TO_CURR_NAPS_APP_ID">
                            <Value>N</Value>
                        </Field>
                        <Field name="A0AVAIL_BENEFICIAL_OWNER_GROUP">
                            <Value>1</Value>
                        </Field>
                        <List name="BeneficialOwnerList">
                            <ListItem>
                                <Field name="A0AVAIL_CIF_KEY">
                                    <Value>0100000938437104000</Value>
                                </Field>
                            </ListItem>
                        </List>
                    </ListItem>
                    <ListItem>
                        <Field name="A0AVAIL_ITEM_NUMBER">
                            <Value>84212486</Value>
                        </Field>
                        <Field name="A0AVAIL_SECURITY_DATE">
                            <Value>00/00/0000</Value>
                        </Field>
                        <Field name="A0AVAIL_SECURITY_TYPE">
                            <Value>GUARANTEE</Value>
                        </Field>
                        <Field name="A0AVAIL_PROPERTY_TYPE">
                            <Value></Value>
                        </Field>
                        <Field name="A0AVAIL_SECURITY_SUB_TYPE">
                            <Value>PSTD</Value>
                        </Field>
                        <Field name="A0AVAIL_DESCRIPTION">
                            <Value>EUR15000.00, MR GEORGE D CLOONEY DFDF DFDF DUBLIN 11</Value>
                        </Field>
                        <Field name="A0AVAIL_SUPPORTING_ITEM_FLAG">
                            <Value></Value>
                        </Field>
                        <Field name="A0AVAIL_CUST_SEC_ITEM_FLAG">
                            <Value></Value>
                        </Field>
                        <Field name="A0AVAIL_CURRENT_STATUS">
                            <Value>OTLA</Value>
                        </Field>
                        <Field name="A0AVAIL_LENDER_SECURITY_STATUS">
                            <Value>LOUT</Value>
                        </Field>
                        <Field name="A0AVAIL_SOLE_JOINT_BORROWING_IND">
                            <Value>O</Value>
                        </Field>
                        <Field name="A0AVAIL_SEC_NAPS_APP_ID">
                            <Value>16330304</Value>
                        </Field>
                        <Field name="A0AVAIL_ATTACHED_TO_CURR_NAPS_APP_ID">
                            <Value>N</Value>
                        </Field>
                        <Field name="A0AVAIL_BENEFICIAL_OWNER_GROUP">
                            <Value>1</Value>
                        </Field>
                        <List name="BeneficialOwnerList">
                            <ListItem>
                                <Field name="A0AVAIL_CIF_KEY">
                                    <Value>0100000938437104000</Value>
                                </Field>
                            </ListItem>
                        </List>
                    </ListItem>
                    <ListItem>
                        <Field name="A0AVAIL_ITEM_NUMBER">
                            <Value>87636156</Value>
                        </Field>
                        <Field name="A0AVAIL_SECURITY_DATE">
                            <Value>00/00/0000</Value>
                        </Field>
                        <Field name="A0AVAIL_SECURITY_TYPE">
                            <Value>GUARANTEE</Value>
                        </Field>
                        <Field name="A0AVAIL_PROPERTY_TYPE">
                            <Value></Value>
                        </Field>
                        <Field name="A0AVAIL_SECURITY_SUB_TYPE">
                            <Value>PROI</Value>
                        </Field>
                        <Field name="A0AVAIL_DESCRIPTION">
                            <Value>EUR1234.00, MISS JENNIFER ANISTON C/O HER FRIENDS NEW YORK CO KER</Value>
                        </Field>
                        <Field name="A0AVAIL_SUPPORTING_ITEM_FLAG">
                            <Value></Value>
                        </Field>
                        <Field name="A0AVAIL_CUST_SEC_ITEM_FLAG">
                            <Value></Value>
                        </Field>
                        <Field name="A0AVAIL_CURRENT_STATUS">
                            <Value>OTLA</Value>
                        </Field>
                        <Field name="A0AVAIL_LENDER_SECURITY_STATUS">
                            <Value>LOUT</Value>
                        </Field>
                        <Field name="A0AVAIL_SOLE_JOINT_BORROWING_IND">
                            <Value>O</Value>
                        </Field>
                        <Field name="A0AVAIL_SEC_NAPS_APP_ID">
                            <Value>17306129</Value>
                        </Field>
                        <Field name="A0AVAIL_ATTACHED_TO_CURR_NAPS_APP_ID">
                            <Value>N</Value>
                        </Field>
                        <Field name="A0AVAIL_BENEFICIAL_OWNER_GROUP">
                            <Value>1</Value>
                        </Field>
                        <List name="BeneficialOwnerList">
                            <ListItem>
                                <Field name="A0AVAIL_CIF_KEY">
                                    <Value>0100000938437104000</Value>
                                </Field>
                            </ListItem>
                        </List>
                    </ListItem>
                </List>
                <Field name="A0SUPPORTED_ITEM_GROUP">
                    <Value>8</Value>
                </Field>
                <List name="SupportedItemGroup055">
                    <ListItem>
                        <Field name="A0SUPPORTED_ITEM_NUMBER">
                            <Value>78645389</Value>
                        </Field>
                        <Field name="A0SUPPORTING_ITEM_NUMBER">
                            <Value>44983605</Value>
                        </Field>
                    </ListItem>
                    <ListItem>
                        <Field name="A0SUPPORTED_ITEM_NUMBER">
                            <Value>39364533</Value>
                        </Field>
                        <Field name="A0SUPPORTING_ITEM_NUMBER">
                            <Value>83423147</Value>
                        </Field>
                    </ListItem>
                    <ListItem>
                        <Field name="A0SUPPORTED_ITEM_NUMBER">
                            <Value>37075728</Value>
                        </Field>
                        <Field name="A0SUPPORTING_ITEM_NUMBER">
                            <Value>19125703</Value>
                        </Field>
                    </ListItem>
                    <ListItem>
                        <Field name="A0SUPPORTED_ITEM_NUMBER">
                            <Value>73565756</Value>
                        </Field>
                        <Field name="A0SUPPORTING_ITEM_NUMBER">
                            <Value>44945263</Value>
                        </Field>
                    </ListItem>
                    <ListItem>
                        <Field name="A0SUPPORTED_ITEM_NUMBER">
                            <Value>38287109</Value>
                        </Field>
                        <Field name="A0SUPPORTING_ITEM_NUMBER">
                            <Value>36570804</Value>
                        </Field>
                    </ListItem>
                    <ListItem>
                        <Field name="A0SUPPORTED_ITEM_NUMBER">
                            <Value>51912109</Value>
                        </Field>
                        <Field name="A0SUPPORTING_ITEM_NUMBER">
                            <Value>58690427</Value>
                        </Field>
                    </ListItem>
                    <ListItem>
                        <Field name="A0SUPPORTED_ITEM_NUMBER">
                            <Value>75522254</Value>
                        </Field>
                        <Field name="A0SUPPORTING_ITEM_NUMBER">
                            <Value>23373942</Value>
                        </Field>
                    </ListItem>
                    <ListItem>
                        <Field name="A0SUPPORTED_ITEM_NUMBER">
                            <Value>24529890</Value>
                        </Field>
                        <Field name="A0SUPPORTING_ITEM_NUMBER">
                            <Value>83085596</Value>
                        </Field>
                    </ListItem>
                </List>
            </Fields>
        </SecuritiesService055>
    </Response>
</channel_log_entry>
