<channel_log_entry timestamp="2025-07-29 11:59:19.243">
    <Request>
        <Log>N</Log>
        <ID>
            <version>1.0</version>
            <AppID>NBP</AppID>
            <AppName>SysTest_CAS_ROI_Current</AppName>
            <UsrID>5324654654</UsrID>
            <UnqID>88140</UnqID>
        </ID>
        <regionCode>ROI</regionCode>
        <sourceNSC>931012</sourceNSC>
        <staffNumber>88140</staffNumber>
        <deviceId></deviceId>
        <Transaction>SecuritiesService007</Transaction>
        <TransactionVersion>1</TransactionVersion>
        <SecuritiesService007>
            <servType500>U</servType500>
            <source500>NAPS</source500>
            <ITEM_NUMBER index="1">51417693</ITEM_NUMBER>
            <VL_REGISTERED_OWNER index="1"></VL_REGISTERED_OWNER>
            <CURRENT_STATUS index="1">OTLA</CURRENT_STATUS>
            <SECURITY_TYPE index="1">LIEN</SECURITY_TYPE>
            <HOLDING_NSC index="1"></HOLDING_NSC>
            <SECURITY_LOCATION index="1"></SECURITY_LOCATION>
            <STAMPED_TYPE index="1"></STAMPED_TYPE>
            <STAMPING_REQUIRED index="1"></STAMPING_REQUIRED>
            <STAMPING_REQUIRED_DATE index="1">0</STAMPING_REQUIRED_DATE>
            <STAMPED_AMOUNT index="1">0</STAMPED_AMOUNT>
            <STAMPING_CURRENCY index="1"></STAMPING_CURRENCY>
            <STAMPED_DATE index="1">0</STAMPED_DATE>
            <ADDITIONAL_STAMPING_REQUIRED index="1"></ADDITIONAL_STAMPING_REQUIRED>
            <ADDITIONAL_STAMPING_DATE index="1">0</ADDITIONAL_STAMPING_DATE>
            <ADDITIONAL_STAMPING_AMT index="1">0</ADDITIONAL_STAMPING_AMT>
            <ADDITIONAL_STAMPING_CURRENCY index="1"></ADDITIONAL_STAMPING_CURRENCY>
            <STAMP_UP_DATE index="1">0</STAMP_UP_DATE>
            <ADDITIONAL_STAMPING_TYPE index="1"></ADDITIONAL_STAMPING_TYPE>
            <STAMPING_STATUS index="1"></STAMPING_STATUS>
            <SLA_CODE index="1">N0</SLA_CODE>
            <CURRENCY_TYPE index="1">EUR</CURRENCY_TYPE>
            <CO_OFFICE_SENT_FOR_REG_DATE index="1">0</CO_OFFICE_SENT_FOR_REG_DATE>
            <CO_OFFICE_REGISTERED_DATE index="1">0</CO_OFFICE_REGISTERED_DATE>
            <RELEASE_DATE index="1">0</RELEASE_DATE>
            <RESTRICTIONS_FACILITY_ACC_TYPE index="1"></RESTRICTIONS_FACILITY_ACC_TYPE>
            <RESTRICTIONS_FACILITY_AMOUNT index="1">0</RESTRICTIONS_FACILITY_AMOUNT>
            <RESTRICTIONS_FACILITY_CURR index="1"></RESTRICTIONS_FACILITY_CURR>
            <REST_INSURANCE_CO_CONTACT_NAME index="1"></REST_INSURANCE_CO_CONTACT_NAME>
            <RESTRICTIONS_INSURANCE_ID index="1"></RESTRICTIONS_INSURANCE_ID>
            <RESTRICTIONS_POLICY_NUMBER index="1"></RESTRICTIONS_POLICY_NUMBER>
            <RESTRICTIONS_PROPERTY_ADDRESS index="1"></RESTRICTIONS_PROPERTY_ADDRESS>
            <RESTRICTIONS_DETAILS index="1"></RESTRICTIONS_DETAILS>
            <RESTRICTIONS_CEILING_ALLSUMS_AMT index="1">0</RESTRICTIONS_CEILING_ALLSUMS_AMT>
            <RESTRICTIONS_CEILING_ALLSUM_CURR index="1"></RESTRICTIONS_CEILING_ALLSUM_CURR>
            <SOLR_FILE_REF_NO index="1"></SOLR_FILE_REF_NO>
            <POS_NOTES index="1">0</POS_NOTES>
            <SO_NOTES index="1"></SO_NOTES>
            <COMPANY_INDICATOR index="1"></COMPANY_INDICATOR>
            <LAST_UPDATED_TIMESTAMP index="1">20250729115851322576</LAST_UPDATED_TIMESTAMP>
            <LAST_UPDATED_BY index="1">88140</LAST_UPDATED_BY>
            <CREATED_TIMESTAMP index="1">20250729115851322537</CREATED_TIMESTAMP>
            <CREATED_BY index="1">88140</CREATED_BY>
            <SET_DATE index="1">29/07/2025</SET_DATE>
            <BARCODE_NUMBER index="1">0</BARCODE_NUMBER>
            <VALUATION_AMOUNT index="1">0.00</VALUATION_AMOUNT>
            <VALUATION_CURRENCY index="1"></VALUATION_CURRENCY>
            <VALUATION_DATE index="1">00/00/0000</VALUATION_DATE>
            <VALUATION_BY index="1"></VALUATION_BY>
            <NAPS_APP_ID index="1">14024080</NAPS_APP_ID>
            <LIEN_TYPE index="1">LIEC</LIEN_TYPE>
            <LIEN_LETTER_DATE index="1">00/00/0000</LIEN_LETTER_DATE>
            <DEPOSIT_LOCATION index="1">INVS</DEPOSIT_LOCATION>
            <STOP_PLACED index="1"></STOP_PLACED>
            <NOTICE_SERVED index="1"></NOTICE_SERVED>
            <NOTICE_SERVED_DATE index="1">0</NOTICE_SERVED_DATE>
            <NOTICE_ACKNOWLEDGED index="1"></NOTICE_ACKNOWLEDGED>
            <NOTICE_ACKNOWLEDGED_DATE index="1">0</NOTICE_ACKNOWLEDGED_DATE>
            <LIEN_LAST_UPDATED_TIMESTAMP index="1">20250729115851328337</LIEN_LAST_UPDATED_TIMESTAMP>
            <ACCOUNT_NUMBER index="1">678990</ACCOUNT_NUMBER>
            <NSC index="1">931012</NSC>
            <CREDIT_BALANCE_LIMIT index="1">60000</CREDIT_BALANCE_LIMIT>
            <LIEN_CREATED_TIMESTAMP index="1">20250729115851337858</LIEN_CREATED_TIMESTAMP>
            <LIEN_CREATED_BY index="1">88140</LIEN_CREATED_BY>
            <PARENT_GUARANTEE_ITEM index="1"></PARENT_GUARANTEE_ITEM>
            <BENOWN_INV_GROUP>2</BENOWN_INV_GROUP>
            <BenOwnInvGroup>
                <listitem index="0">
                    <BENOWN_INV_COMPANY_INDICATOR index="0"> </BENOWN_INV_COMPANY_INDICATOR>
                    <BENOWN_RELATIONSHIP_QUALITY_CODE index="0"> </BENOWN_RELATIONSHIP_QUALITY_CODE>
                    <BENOWN_HELD_ON_CIF_INDICATOR index="0">Y</BENOWN_HELD_ON_CIF_INDICATOR>
                    <BENOWN_INVOLVEMENT_TYPE index="0">SECUR</BENOWN_INVOLVEMENT_TYPE>
                    <BENOWN_INVOLVEMENT_ROLE index="0">BENEFJOIN </BENOWN_INVOLVEMENT_ROLE>
                    <BENOWN_CIF_REF_NUMBER index="0">0100000932437490000</BENOWN_CIF_REF_NUMBER>
                    <BENOWN_COMPANY_ID index="0">000000000000000</BENOWN_COMPANY_ID>
                </listitem>
                <listitem index="1">
                    <BENOWN_INV_COMPANY_INDICATOR index="1"> </BENOWN_INV_COMPANY_INDICATOR>
                    <BENOWN_RELATIONSHIP_QUALITY_CODE index="1"> </BENOWN_RELATIONSHIP_QUALITY_CODE>
                    <BENOWN_HELD_ON_CIF_INDICATOR index="1">Y</BENOWN_HELD_ON_CIF_INDICATOR>
                    <BENOWN_INVOLVEMENT_TYPE index="1">SECUR</BENOWN_INVOLVEMENT_TYPE>
                    <BENOWN_INVOLVEMENT_ROLE index="1">BENEFJOIN </BENOWN_INVOLVEMENT_ROLE>
                    <BENOWN_CIF_REF_NUMBER index="1">0100000938437104000</BENOWN_CIF_REF_NUMBER>
                    <BENOWN_COMPANY_ID index="1">000000000000000</BENOWN_COMPANY_ID>
                </listitem>
            </BenOwnInvGroup>
            <BORROWCUST_INV_GROUP>2</BORROWCUST_INV_GROUP>
            <BorrowCustInvGroup>
                <listitem index="0">
                    <BORROWCUST_INV_COMPANY_INDICATOR index="0"> </BORROWCUST_INV_COMPANY_INDICATOR>
                    <BORROWCUST_RELATIONSHIP_QUALITY_CODE index="0"> </BORROWCUST_RELATIONSHIP_QUALITY_CODE>
                    <BORROWCUST_HELD_ON_CIF_INDICATOR index="0">Y</BORROWCUST_HELD_ON_CIF_INDICATOR>
                    <BORROWCUST_INVOLVEMENT_TYPE index="0">SECUR</BORROWCUST_INVOLVEMENT_TYPE>
                    <BORROWCUST_INVOLVEMENT_ROLE index="0">BORROWJOIN</BORROWCUST_INVOLVEMENT_ROLE>
                    <BORROWCUST_CIF_REF_NUMBER index="0">0100000932437490000</BORROWCUST_CIF_REF_NUMBER>
                    <BORROWCUST_COMPANY_ID index="0">000000000000000</BORROWCUST_COMPANY_ID>
                </listitem>
                <listitem index="1">
                    <BORROWCUST_INV_COMPANY_INDICATOR index="1"> </BORROWCUST_INV_COMPANY_INDICATOR>
                    <BORROWCUST_RELATIONSHIP_QUALITY_CODE index="1"> </BORROWCUST_RELATIONSHIP_QUALITY_CODE>
                    <BORROWCUST_HELD_ON_CIF_INDICATOR index="1">Y</BORROWCUST_HELD_ON_CIF_INDICATOR>
                    <BORROWCUST_INVOLVEMENT_TYPE index="1">SECUR</BORROWCUST_INVOLVEMENT_TYPE>
                    <BORROWCUST_INVOLVEMENT_ROLE index="1">BORROWJOIN</BORROWCUST_INVOLVEMENT_ROLE>
                    <BORROWCUST_CIF_REF_NUMBER index="1">0100000938437104000</BORROWCUST_CIF_REF_NUMBER>
                    <BORROWCUST_COMPANY_ID index="1">000000000000000</BORROWCUST_COMPANY_ID>
                </listitem>
            </BorrowCustInvGroup>
            <SIGNEDBY_INV_GROUP>0</SIGNEDBY_INV_GROUP>
            <SignedByInvGroup></SignedByInvGroup>
            <COMPANY_INV_GROUP>0</COMPANY_INV_GROUP>
            <CompanyInvGroup></CompanyInvGroup>
            <NAPS_GROUP>0</NAPS_GROUP>
            <ApplicationIDList001></ApplicationIDList001>
        </SecuritiesService007>
    </Request>
    <Response>
        <SecuritiesService>007</SecuritiesService>
        <source500>NAPS</source500>
        <servType500>U</servType500>
        <SecuritiesService007>
            <errorNode>
                <errorCode>1</errorCode>
                <errorMsg></errorMsg>
                <errorSev/>
                <errorSource>Securities</errorSource>
            </errorNode>
            <Fields>
                <Field name="A0LAST_UPDATED_TIMESTAMP_RESP">
                    <Value>20250729115919219210</Value>
                </Field>
            </Fields>
        </SecuritiesService007>
    </Response>
</channel_log_entry>
